word,dim_dg_Relaxed,dim_dg_Confident,dim_dg_Welcoming,dim_dg_Social,dim_dg_Playful,dim_dg_Street-Smart,dim_dg_Progressive,dim_dg_Stylish,dim_dg_Inspiring,dim_dg_Authentic,dim_dg_Friendly,dim_dg_Bold,dim_dg_Inclusive,dim_dg_Fun,dim_dg_Passionate,dim_dg_Refined,dim_dg_pungent,dim_dg_bland,dim_dg_bitter,dim_dg_caramellic,dim_dg_malt,dim_dg_raw,dim_dg_smooth,dim_dg_spicy,dim_dg_sweet,dim_dg_smoky,"dim_dg_fullness, complexity",dim_dg_grain,dim_dg_matured,"dim_dg_vanilla, confectionery",dim_nf_appealing,dim_nf_expensive,dim_nf_fascination,dim_nf_fresh,dim_nf_healthy_positive,dim_nf_winner,dim_nf_mild,dim_nf_modern,dim_nf_natural,dim_nf_new,dim_nf_pleasant,dim_nf_attractive,dim_nf_Tasty,dim_nf_trendy,dim_nf_valuable,dim_nf_warm
soya,-0.02099784446258267,-0.03127400012936106,-0.12942927808303878,-0.0936549311859986,-0.06362059087174976,-0.1484822076811668,-0.0946206049059117,-0.037247601691502305,-0.07771090760400723,0.05136942756026179,-0.03923402260432279,-0.09564180324321542,-0.0823578446588368,-0.02478272124780568,-0.07717128218883386,0.08964429192436009,0.24545480823177612,0.12544278100339532,0.2107194591537812,0.16324631523991015,0.1592156507035298,0.24323699292616205,0.08385054127127231,0.21347472142593837,0.34765910070028133,0.021200917188766415,-0.04163407088761608,0.4797946475658173,0.13160085826114964,0.3932343149277566,-0.016835395166792822,-0.008266387662030852,-0.07803553590570705,0.019254143697065403,0.31249169354103407,-0.12639897726898833,0.09311973691786093,0.002064983621404424,0.18096241520050335,0.017538613937792654,-0.0562178413836627,-0.07060160302894959,0.13476147772118782,-0.03375873016696588,0.08486647818936824,-0.09558277598998915
rye,-0.05899033966093354,-0.07202866298635922,-0.12325366586401622,-0.07153610357060934,-0.05088173030553933,-0.01765286611134688,-0.012520304977496559,0.02025816771645196,-0.006797650685179241,-0.007546333493950676,-0.14242546455038557,-0.01353264135086292,0.009211747256506623,-0.027933477485001704,-0.07487466206895545,0.06932621857941466,0.1750048931570102,0.10153968901280756,0.25387340436208555,0.17464247960404897,0.44943700312074614,0.1876966964615696,0.07388123836581366,0.10510605266187338,0.26040187999761794,0.14448241938144255,-0.012551745696649436,0.4238697697059585,0.1535193294354856,0.2053188729897747,-0.02824692119574559,-0.027750654965896425,-0.026263355601689343,0.0284046025160752,0.1200798792497857,0.07566212196486802,0.07181767116414432,0.0928028333050804,-0.024883838675834602,0.0896990720203672,0.032649449074683215,0.010632642477293513,0.12458303080556961,0.034526738745120356,-0.008214656234772997,-0.047469373235041974
bruichladdich,0.005761028282728923,-0.03744847882297025,-0.045714172668714304,-0.02366168974072105,0.06973076764826196,-0.019517688019727534,0.1456674239518364,0.1103080814851607,0.10326166098320536,0.13021740572081805,-0.021385608066483305,0.011169790639511597,0.06885267811109713,0.037495790149053944,-0.011724893089572443,0.13576081460806413,0.09651299142390292,0.032913784339016997,0.043266995113131174,0.11750762231011691,0.45103677691810656,0.03670514075035041,0.037270151150940886,0.045665175200543896,0.1186687496507159,0.05102842448624396,-0.02236772178914496,0.12385229609670459,0.06468844933692923,0.2205952961056087,0.01863786834826605,0.027899520747887888,0.05965814948855076,0.021973723896600985,0.0807960230000086,0.04270107008322752,0.0860967083682789,0.17195976791575887,0.0555625345396906,0.11277341768885159,-0.03807939068405421,0.07605627750932656,0.10146450589747175,0.12544790996680671,0.03772249059402823,-0.03854758562010558
chaff,-0.036447121501655785,-0.06502452015897144,-0.0703877012970269,-0.0959087904581727,-0.019845064162468718,0.0038519366619056777,-0.03605508893589093,-0.07833696183042346,-0.11669279259343283,-0.03286686523469941,0.02464809536430816,-0.0995194701628131,-0.0825023401809682,0.01879439661685912,-0.07534229556287785,-0.025349639570603964,0.11910105109421643,0.18300017409510377,0.13607098717962673,0.033949430693031274,0.13314537650201405,0.19238964670613493,0.005971638396732597,0.08838185433204779,0.20568671288896756,0.11427082163541107,-0.05415849931674048,0.5819377595640254,0.1369975178886843,0.11282196280527848,-0.031209693041053352,0.05969707092549904,-0.12608648618335155,0.05172177649455724,0.1352116190377547,-0.03738041272598056,0.05693128192893722,0.027582512067057814,-0.022440464957034643,0.01863374007456334,0.021683673625704645,-0.11066782489477524,0.07503013447189,-0.08069076672010801,-0.06717429787857056,-0.01983723994425859
mandis,-0.03883827321624395,-0.04169070023572198,-0.14349271244850326,-0.0706655362866706,-0.15670872984593137,-0.07920966757944391,-0.017333926482591275,-0.11669780219583017,-0.17956724941225452,-0.029500089914251345,-0.07543593424845244,-0.235714446507639,-0.06502671096938256,-0.15131089693660515,-0.1300875550254603,-0.054804628142773607,0.07472507741873752,-0.026694947849614854,0.061025475846260384,-0.06125974622147019,0.042625826120005886,0.11452628973173157,0.014164489921833357,-0.050220299591069766,0.136770253292106,-0.10528206854819777,0.04826799947696792,0.40090017505676273,0.12669195151615645,0.04545489460471884,-0.06768551683343446,0.011492489043368857,-0.15989395781120125,0.03877408708805835,0.14711955992641554,-0.21402358623743065,-0.06247247227974529,0.05939218214326739,0.038136675930654555,0.10039554235246805,-0.18551372297168844,-0.19912203755048888,-0.04719707391512529,-0.06351680063399774,-0.03947777236503392,-0.04926858110010107
fruity,0.262947708267167,0.18091514161831507,0.16298928847271746,-0.03449571270623514,0.3575125271414567,0.07917255194180813,0.10819086911223565,0.32831277705473566,0.23502079599733214,0.2460818626642638,0.2835271186721208,0.19999407186009566,0.032501654823254775,0.2701373979782338,0.22949576692629822,0.32867911204442,0.4263843933527638,0.36844459803372986,0.46625956077891323,0.3858918019896989,0.43469528685702863,0.22834465271771387,0.49194419982092485,0.488656288603,0.495811224607981,0.2816661984280838,-0.023253252615982038,0.22051651520707577,0.38319695024884154,0.4149508688179722,0.32421589466567496,0.11142863417522443,0.059326544998507334,0.24172917262071367,0.3348149266868091,0.06689379653326924,0.3878858068641311,0.2085540598413688,0.08780753342856143,0.24335911859752155,0.20712696196824362,0.371535997356428,0.553180131337638,0.21170328395153637,0.16045379861607967,0.2227292797320147
glenmorangie,0.0435304643722965,-0.019509597948487858,-0.012616581356230644,-0.11248684420845458,0.025961263366411042,-0.05847625456570096,0.0257784886542719,0.05217032244623512,0.09149277432541095,0.11038476613680738,-0.07375803134440558,-0.02571274585108628,0.009360884858636884,0.055412192234521776,-0.019130126458332238,0.06703384144901807,0.056113055133291366,-0.035061122442999595,0.05665654515414607,0.1671904454299432,0.5099978968297012,-0.06550765424553419,0.07270456029829467,0.10638315022743598,0.13184229226552896,0.045063128969733184,-0.08731309887408162,0.08740782135072829,0.08466547096913363,0.2021114404488786,0.015090453124737795,-0.012661570915670921,-0.017330651921615974,-0.012673370831083691,0.02431357610351679,0.0856332103671353,0.05515501485194678,0.08823850212568256,-0.06895929701785766,0.09367352028604425,0.025942543460051835,0.052079995701159405,0.13045480211409494,0.03919741615734066,0.07115930099471686,-0.0450272003377082
vegetable,0.07994513563891859,-0.03436689852550998,-0.07295034185977184,-0.024699761430961382,-0.0010064215979741571,-0.11175380067393549,0.014170713906599141,-0.002661664073645056,-0.007778579078892047,0.0626105924517068,0.04920597274935166,-0.12458572391417891,0.04138980919715866,0.01404052950566261,-0.012260682529092496,0.11707940983472238,0.3148518838392893,0.1952772835776063,0.28348752545247197,0.036777873202285226,0.09920887522933658,0.3430230452670454,0.1779986499685814,0.23535392179639186,0.3112680227461826,0.0259794888547432,0.009075916059847446,0.5120467442410089,0.3002623914525583,0.1915854863734583,0.09398166712644085,0.10353581403469801,-0.018625064695100193,0.1781389353257824,0.4720966269250516,-0.1001593186975944,0.23547351450346024,0.17434234364252285,0.25026369983548113,0.1586558126557028,0.025577164088193362,0.03339330592402565,0.2043515248965981,0.025075613032638305,0.13113948756713334,0.03760391899440186
oilseed,-0.05910821736786196,0.001931012516452459,-0.09917532525356416,-0.058476874537598256,-0.07782096569727294,-0.10747582906013442,0.024059281797562632,-0.06443624580432768,-0.08629358642870903,-0.06536602592187735,-0.0481456286329218,-0.11138168650500664,-0.0651051348214075,-0.12282731617589082,-0.078155832106697,0.08786421039289452,0.28069689065040965,0.12861665939619107,0.20285257305752827,0.07049664215401785,0.13270144433846506,0.30419779635389754,0.04130722852793879,0.1374333183154131,0.30658205909715797,-0.03786814227386051,0.0089939434370011,0.529953811496534,0.21480087980916387,0.26425765671657303,-0.03925851403980593,-0.009565359202429272,-0.062262428253711304,0.03692809935146586,0.20752019708151984,-0.13260643868937133,0.05482307594248718,0.11486270429427889,0.1101732370158635,0.09302663685774835,-0.08678303784846503,-0.0755369466885692,0.032774114119537644,0.00788838919583774,0.038532357905988475,-0.003423673518202241
beer,0.08652739160518408,0.008568460966783882,0.05308827599336282,-0.07092553081461084,0.1811135519236847,0.020808281062374572,0.0029373461687614163,0.0856335328528505,0.05828847998210448,0.13234933877997307,0.12035077687401849,0.031795812007136215,-0.002370022343596386,0.18485317337143328,0.059599148891701446,0.06962397995087985,0.15649963789918256,0.16895011502580567,0.19346691366100233,0.2002375844859718,0.44813940568171345,0.12483987611327489,0.11780395671784966,0.2643329281874182,0.2781828700797905,0.18504171704528818,-0.050754650572199266,0.21562194325176345,0.06948415588688132,0.19163705129116793,0.11819809595778215,0.13333497205491734,0.006431379574210396,0.15025073308938108,0.09190677293032119,0.02659253571614693,0.2124928865705814,0.08863655213806909,-0.06311403123909767,0.042214466982329016,0.1258054925588346,0.05901749092895901,0.19240725756728316,0.10600201169852924,0.06555746022230317,0.11980560042978657
coarse,0.030841614322274797,-0.02261792354092109,-0.02252616420759877,-0.032756445587458154,0.08724791403575655,0.06006740715980637,0.0773762235236818,0.16055641043582883,-3.24889247859065e-07,0.11046260943246741,0.13980550542542336,0.0363896894883381,0.08149507532275857,0.0014946393923443145,0.0417529794288794,0.30514553500650154,0.29715381354025655,0.3369585533724034,0.3005367969122935,0.18725834446988182,0.13033932873367857,0.5922790103550429,0.34749076192865985,0.18591748930733223,0.279097222976219,0.23851874288123107,0.048201843038216834,0.4765457680534166,0.22585547448454787,0.16398874905181612,0.12660919045040941,0.18065272237453975,0.016891292500036223,0.09699021958376058,0.1811060301325951,-0.07965582170822756,0.30733524105191107,0.09951744335932533,0.07545614945473306,0.05193111507180126,-0.022692325369293432,0.16377567463182036,0.15099347223096626,0.13724023441678312,0.05184311237413231,0.09250116312279545
millet,-0.0030222199084989285,-0.05970054825152653,-0.035918092813996924,-0.0005840611131002365,-0.02565998742888269,-0.043610336787264385,-0.00021823544054238724,-0.01741206037370721,-0.02698950339320889,-0.006527624316551607,-0.01952277817475671,-0.13448481833475046,-0.09094260575588459,-0.012167380045961062,-0.046809711214949555,0.05288869745118174,0.1286236459873791,0.08885540555468469,0.13213997192616408,0.09656541176597173,0.15793297622915628,0.18748173314888913,0.014722738460702822,0.07236322140835685,0.24846965858031622,-0.05357815572450335,0.029496053458528345,0.5091636559758675,0.10267301496810796,0.22038693493512965,-0.04339709585857144,-0.036256547607188966,-0.039091775184020926,0.028440435466497018,0.3661416331237983,-0.06833952656840786,0.08353529032456875,0.02597700084015041,0.2018048968777381,-0.056412321488438284,0.03401151817830778,-0.030040189447040448,0.16736766209813114,-0.01058388444377055,0.03671395534621053,-0.13953760895038164
quintals,-0.16349264717342163,-0.1503195206422175,-0.18112719772102268,-0.12398402612370457,-0.19978459714217559,-0.17259373229230504,-0.21319961419949673,-0.18026023558448298,-0.1873427441502184,-0.09929557261856914,-0.1282220301152513,-0.24558636071710552,-0.1726426252687047,-0.1873339551684362,-0.18617642222551592,-0.10287267853470657,0.1008592556797386,0.03622909014099886,0.08591954431791328,0.08314265361848355,0.14148603238170868,0.16325232562174136,-0.09824474293668224,0.025759935724941098,0.2730140578401816,-0.0345908095625093,0.008749394476775724,0.46513373016876725,0.14137570247270934,0.1711409298202219,-0.17109997091726514,0.025966961314220542,-0.1616687215582104,-0.07074414761866779,0.16669336969721735,-0.09234949024005147,-0.1165183305169382,-0.063530606443255,-0.014106222043692796,-0.05271882681592602,-0.13849923631994004,-0.17777081391033872,0.017293129855810933,-0.1411045992811979,0.03579502435867685,-0.11775439535836711
corn,-0.03976974699456832,-0.05469363490679192,0.021770583004099234,-0.10731571455722683,0.05394875489302987,-0.04470795496901981,-0.0560100786852861,-0.05352350410521306,-0.03984753177306838,0.005740451723266796,0.022685404767610603,-0.1098937265116923,-0.04850460622309938,0.05316900221165016,-0.08569688321539862,0.049667051731364875,0.26048268608542663,0.17205396398996275,0.315314346844993,0.20370163083970586,0.20456827434523964,0.30061999210402646,0.14818283510660307,0.29104343878501493,0.42827821883636097,0.09969985375730135,-0.09873035602036802,0.8659264268107821,0.2162333477718153,0.2247725906381891,0.022193947504204812,0.025237801207208976,-0.08616604048558404,0.12713460905977167,0.19046234157056702,0.02870447254124339,0.1969762565598458,0.06065422559288164,0.06578855675783561,0.1605887989000603,0.024250430451077762,-0.019540953601669617,0.13025871922257337,-0.014263650418598346,-0.017725800728909762,0.04536167166028945
sheaf,-0.061511610584567715,-0.15241441167395328,-0.0566130879913178,-0.07361335149223644,-0.08904990416180827,-0.08843658072924271,-0.04647988909933019,-0.03331391715592875,-0.048514699332560106,-0.08914568028853481,-0.12686789607462,-0.12837774326658227,-0.11659635698728743,-0.034050556285365303,-0.12760019043249785,-0.05322700564745851,0.0005416727925809127,-0.0012663144075948883,-0.040342234995351375,-0.017694591675110383,0.175796544541432,0.06532275904461117,-0.07162181044135946,-0.04543487125294192,0.14628553750039558,0.003983818634550429,-0.05889068318091048,0.47838649937244854,0.13088810694098033,0.05047509496718268,-0.11823663487569945,-0.08453454578938803,-0.05056362647960151,0.05317121455721223,0.07464253775578364,0.08093563258820713,-0.03287534125725078,0.06020515878114174,-0.06606797721394353,0.021112509203575505,0.06718274837448755,-0.006546679253281151,0.005682566239919063,-0.028262375680024602,0.01451123909733819,-0.0805137474006315
whiskyscotch,0.023283537544005785,-0.07812426491967117,0.02728694556258757,0.032269631898023135,0.008625283802830537,-0.1269303833352219,0.04091837843293464,0.033140615839108566,-0.08014509134290453,0.02074497302358594,0.00783379598482081,-0.08076085723079954,0.009997149051493029,0.0033901803118397754,-0.03642992442490481,-0.010399513634624082,0.10585301799150439,0.09264892866698435,0.16334957523702823,0.07807532565376615,0.4595659327602381,0.05592390216329726,0.07970939943096428,0.2392847617620383,0.17468685165990547,0.07749125976523578,-0.06472555673641098,0.19717900527819668,0.028409580725434272,0.185052734265615,0.006381696742750018,0.019987727744340628,-0.07732951635659929,0.07027778474897117,0.060920167346135805,-0.039892090824391435,0.0704658427082685,0.10185404930000669,0.011909068879342526,0.011739123316793868,-0.055950195015131834,-0.018918342454688777,0.13482343606042085,0.03002206845068718,-0.010910004315379272,-0.06018822942052837
bushel,-0.1817781807364958,-0.09652530253509063,-0.1503377735888557,-0.12910790824546353,-0.10195599796244754,-0.06388089366302767,-0.09818322994191662,-0.13624208128116377,-0.13505054813878842,-0.11607942112017253,-0.08017845295460241,-0.17782158909566526,-0.09595990774000589,-0.11600455694235792,-0.14948501644844203,-0.04511684821648566,0.07197940894913586,0.03535065159619354,0.0798057480069209,0.08643556831317828,0.13333393721050177,0.19981024274952094,-0.0844891367464129,0.006270456825390019,0.18764437769636438,-0.005383443708223307,-0.00019286562893179308,0.5364154104347373,0.24281450061897294,0.11991961086979759,-0.1106971192879952,0.05217359922534113,-0.13017638911188362,-0.051032125913251215,0.07588953251344746,-0.017351981191501418,-0.05525516149890119,0.06728518026530453,-0.019072447875677773,0.07273150111439854,-0.08088769911002236,-0.09469970993296525,-0.013034468037777984,-0.07017864114043605,0.02856655097667744,-0.043838146791634586
glenfiddich,0.025522412384776712,-0.08307691989103178,0.025744344026202574,-0.10324797139025452,0.11861865586215138,-0.03445475219402207,0.1222614106178394,0.18202049178330387,0.14459552493843433,0.08653409855480114,-0.05308821308478291,0.02433921547364874,0.02505355539868046,0.11875544085722116,0.009915343553947098,0.15698419897812566,0.0570620515700236,0.0015403577045994565,0.04989714942243924,0.13993028375158187,0.5538359740157622,-0.06115038191431262,0.04004949072952994,0.14414189297522947,0.1628977573405108,0.03425680547908945,-0.12534049228611024,0.019325908319090822,-0.013004984563244842,0.17875149820852168,-0.01612732645917921,0.09571836133113171,0.08455079829492611,-0.09333962556056948,-0.008792995481245512,0.1757702455272885,0.04396637021288758,0.14013717094770692,-0.08023341755852365,0.06258310153643871,0.02860630913863677,0.14765198311677424,0.15684215311419067,0.13298105066453447,0.12384690795678306,-0.06989642953119495
distillery,0.03728437304234809,-0.0187078939871296,0.01206392848063802,-0.06611282746948319,0.03688745916586505,0.06453792329062769,0.06066368110640381,0.014515378862160535,0.14428722545861777,0.10405743080341262,-0.014717918951110987,0.0025791731888028997,-0.05717812969390659,0.0648296593038252,0.054040729699438045,0.08739183039725883,0.14393546613458255,0.04351032026997164,0.11634343555315665,0.10429576830201982,0.46346223861588776,0.11812199175551732,0.01657081789632004,0.06100481785629048,0.2107539968821228,0.11680431119733345,0.004679606332313902,0.18643491256603195,0.07893872415488462,0.18563254898998086,0.011092517577215367,-0.03608471992505113,0.061356547087736774,0.07840417893943222,-0.01060246002574659,-0.02602034652886661,0.0655551595214896,0.12000138193379892,0.07107849371277733,0.017022806476671537,-0.002826903217922459,0.019297854306879157,0.10608067198647968,-1.7145328880714877e-05,0.004059183847550425,0.001508387127979947
bunnahabhain,-0.042916585168298646,-0.051203440794931276,-0.08475850255435943,-0.03734831278771216,0.06819720439561958,0.04471666482364798,0.06877489832904564,0.027800487733421374,0.09836772557008264,0.08977000817071029,-0.07449081840837952,-0.013113212607512723,0.014707837646127766,0.03837876314974121,0.03687019783126093,0.02407648241132138,0.054098879560655816,-0.03263304428371799,-0.008796625924608791,0.14515492265605637,0.4519768385893198,-0.008493209119672397,-0.02433033181814432,0.06903583226818964,0.1195425908083693,-0.0037133052321321057,-0.04311453672834119,0.11074340394597093,0.040169674984447644,0.16355138073202347,-0.05740356209273352,-0.0478407655495371,-0.006620621151207229,-0.09337456744598387,0.014427804138829242,0.03179595637607608,-0.041807806910647616,0.03494205082023743,-0.01175828856613424,0.02367714787514564,-0.07307207341891662,-0.009790141593888023,0.09026586927865904,0.02986645670823879,-0.004644853163999574,-0.04779791469860956
groundnut,-0.05893744561881741,-0.08981741183668475,-0.08320774730305648,-0.035826052134710476,-0.06522751729848317,-0.15563567030960893,-0.04394000881625012,-0.1366340176233785,-0.11599925341412276,-0.05642418480375749,-0.04134131643660935,-0.15722848483014804,-0.06608451748510334,-0.059026974480771065,-0.07278152283554659,0.01571991694614895,0.23218354884698633,0.106915776018236,0.21367607893816334,0.18774365583737998,0.10457690154766212,0.31598400756578404,0.028000723616266033,0.14470866678285688,0.35428804427176663,-0.025911187947719426,-0.03735025882465169,0.5344041755208456,0.20171660368403782,0.30726523063255756,-0.05891885215146689,0.0017272683032757488,-0.10482144462092778,0.029308082566042972,0.2610458290989755,-0.16976771112271852,0.05978653967394657,0.03793072800433085,0.12813451987207566,-0.005599937175454371,-0.030893369303750817,-0.14987832010539012,0.058999887894076106,-0.07957370762416956,0.044892016298744494,-0.0379112243048521
wheat,-0.06389622262139374,-0.01047302005765518,-0.12274519096451368,-0.10518033544053641,-0.13422678108542477,-0.16126739248292915,-0.0261452656650743,-0.0894209585205358,-0.13580022561787516,-0.07341005758611686,-0.048049760197498986,-0.15839961984177975,0.0061889824611753895,-0.13017274956333244,-0.13280660248435655,0.039375330086552786,0.23920645865327014,0.1635924078531008,0.2621054484360672,0.13615274097683636,0.24622366740440924,0.380009405854254,0.0961991857085516,0.15054830306428718,0.37085487378130894,0.02675087126233277,0.02313408959403754,0.765284263716518,0.2693663539137122,0.2310920745149994,-0.030370996303311214,0.0033235364086189895,-0.10613503273463606,0.12558993817659134,0.35491320666905457,-0.04242064654112019,0.15627245990135097,0.1072791927027215,0.14817900161785152,0.10713618775268423,-0.05857405011414681,-0.10843349744842441,0.061804060699457465,-0.0130498930377092,0.017556852235196745,-0.043650533538779554
soymeal,-0.08694905993093761,0.0703671189605427,-0.06794557067887394,-0.10991633556341233,-0.10492753690809035,-0.12877604661859537,-0.0357763677002167,-0.05524904395186107,-0.13360041696203245,-0.017244444918450758,-0.023008256933726726,-0.09320071189334646,-0.07989728102257398,-0.16441592319207285,-0.09610835201969317,0.08662943703844311,0.23602300355824068,0.11871369193704552,0.1443287957452214,0.06965950879165397,0.13652603057262305,0.2921892501887579,0.0826618325764045,0.1145947683706389,0.21328581895981202,0.03618306745217162,0.013668530916014212,0.4673729724464037,0.15054883915243772,0.13260570990358578,-0.0046148384953984085,0.07683943714385225,-0.09242365024725573,-0.03750256553500547,0.11800978297254634,-0.076186338532756,0.04101096566063564,0.03200681430492219,0.07823782688540369,-0.030925592463009962,-0.07311937907512221,-0.059406151016694324,0.010565277090058077,-0.02856733571202419,0.07556236428024138,-0.020342270481026953
macallan,-0.03694987352229694,-0.08118175497435705,-0.06178205846497701,-0.07922758475142061,-0.05945574889518468,-0.029553790386233004,0.05226267304599515,0.09325723127203053,0.055070246004921025,0.0635042751495652,-0.14559337897479652,-0.055940541460976115,0.05072932215639941,-0.03839435075164749,-0.08043831747439388,0.11731060923404077,0.060480309875295346,-0.059447756817340824,0.06378399387908446,0.148042908769801,0.47585719518226094,-0.02330325173538625,0.011479705576499404,0.05574311776765741,0.1260524935897362,0.08360182247404337,-0.015366237328640469,0.069609596877081,0.14706158266317015,0.17221691276116496,-0.028960705510001593,0.04185803368588789,0.01074519097610528,-0.08110537342361981,-0.00855312922517679,0.15110838319227096,0.008467722304178997,0.0639888914307228,-0.0186365934516074,0.004818180065938458,0.00181038184608592,0.07501621578700203,0.028865252600567243,0.09040786874034948,0.08405837937892913,-0.10622600908987183
whisky,0.04336907866897398,0.06387860644658436,0.04479968356923621,-0.08040961418793587,0.13136338276984835,0.10413999061080356,0.051745096840019246,0.1557224956111566,0.20123921221043625,0.21127575578328797,0.08678586929733972,0.06632406930339409,0.0954534211661635,0.1213295392008421,0.1056487367123853,0.1510900154314432,0.1551815173953126,0.09512512172526605,0.14819915742977147,0.1523472609711284,0.5449378138352062,0.1281583249442806,0.12191964863602492,0.16421018024414552,0.2038451111792131,0.151937339415195,-0.04407548987290578,0.13391059257506963,0.039604339545999685,0.18483394155103852,0.14446609966626187,0.06369904600122844,0.09205728128241114,0.026051529397005956,0.027866588283326863,0.1041608308042159,0.13796509034798107,0.10173671025819182,-0.03655765010628537,-0.014838048689075555,0.08793348704805634,0.1450539493356326,0.17969322762877118,0.15553904325772158,0.13199870801533925,0.08333864737919205
schnapps,0.09684255101606123,0.03871142175055663,0.05305299203800416,-0.054933607087928396,0.16228484350754915,-0.032382869025175,-0.006431833573752588,0.07947334263523015,0.004765256530653284,0.08299372677458441,0.07572228133005333,0.022798608070214686,-0.0746750641797173,0.16862733619790782,-0.015806481103312297,0.07227502877164205,0.16446829228923812,0.10585616678298627,0.2824174444892569,0.3328250313719631,0.43816921984340057,-0.012139760129852165,0.10277597963146898,0.23310163066285475,0.3795617666483486,0.11302689697733834,-0.05381204745230876,0.07386491294530127,0.18942886460109493,0.39623523004039135,0.11629399672109156,0.011414928573776448,-0.013337181940136078,0.10153003224851656,0.12377986031486275,0.08398101195693719,0.11562409849196939,0.04825610911291309,-0.06530222882032981,-0.007470836045377038,0.13652422266237477,0.0804118104448558,0.29868194309957213,0.047592867524361704,0.06447244870234908,0.01860163089564688
gin,0.03890543659137296,-0.0031270432985938345,-0.014186247612562744,-0.09821313025446422,0.12864051839217935,0.05174965555549827,0.04107178221217919,0.10573254346132088,0.06269809731211194,0.011223743777513841,0.008640288535559024,0.04067708167456205,-0.06896391653283102,0.14015682414374028,-0.028155463086169074,0.10176513654500867,0.16734269898044546,0.12449632705255016,0.18021888616397264,0.1914705879448896,0.4271394002212864,0.06256352784067165,0.10519003466553119,0.1477013210874398,0.3006293194289276,0.08045152101820269,-0.11732621671445981,0.17346158401915268,0.1599629972015338,0.22409907357296963,0.00899627537656111,-0.01094961961452592,0.040954532262354605,0.05438266136719939,0.0802975305934966,0.06477905580959763,0.08221702215787573,0.061480216994180346,-0.09195025939815182,0.09348110316179443,0.05933163986752223,0.048340818768799726,0.15457090275816382,0.08607695442831935,0.02413216619524373,0.026348181626087784
starch,-0.019588111840608137,-0.053179937294440593,-0.05906897631414916,-0.05643551392990542,-0.10050409624761045,-0.15696522254391032,-0.054338243719456725,-0.0423624033939427,-0.1418218344850535,-0.03194674665941289,-0.029471486797072156,-0.1652078502297509,-0.057700931299318185,-0.10725078120075787,-0.10929698846653836,0.09922996675606369,0.33112726658187625,0.14543900977038782,0.3156161410317123,0.21253775084847304,0.18415233741555045,0.2683954787331613,0.20458289409577668,0.12438299391156096,0.46041923871233015,0.005935779313875432,0.024995190730860487,0.5729966640326392,0.1611418698566161,0.3711948191840901,0.04452477411846525,-0.005633625086683751,-0.11363725424154812,0.11347393269334399,0.36013646915717845,-0.17025232639943186,0.21312668000407448,-0.033621038353926866,0.19968005425446939,0.03969603526514065,-0.06644733700035214,-0.08144458433497524,0.10043957487909419,0.016907199544024986,0.028662970531423356,-0.13442312020120747
whiskyimflsingle,0.021666937973018413,-0.08850656913352516,0.04475535841261929,0.019655878451506435,-0.00017905278395993432,-0.14239987802405488,0.033895546754612774,0.037549520196906175,-0.11074050201355633,-0.008706906090776892,0.010500906037771837,-0.08888463060829593,-0.009565243116402316,-0.015182678585774325,-0.047777172747946836,-0.020923850573203093,0.08844130689939698,0.08632134949999372,0.14881872903028248,0.07851383554174952,0.42811447786787254,0.025721540994201098,0.06570216483262885,0.20850848696775312,0.16372169590398117,0.0857021661637691,-0.09036629375840502,0.17103818361761045,0.014497301647733387,0.16983656603657266,-0.010898065809999224,0.025579352838117533,-0.09538527410347296,0.05148081198448787,0.04304753659075781,-0.040245855815013415,0.05826840304118868,0.07199935082107649,-0.022299532188616,0.012955117649769898,-0.06592207586176486,-0.02185718762570886,0.1308717007648057,0.005362171117640062,-0.021721109259553152,-0.07299703782345535
ballantine,-0.001656425329774585,-0.02086299257945958,0.006347100806155185,-0.025968792772449838,0.07703656969791822,0.07738894141912361,0.08159742760973247,0.11774584661661246,0.14194787458775487,0.052956591381670935,-0.04961170707200387,0.03601217316237317,0.03032376079951308,0.040996250676367293,0.06099428681437459,0.0787022888685042,0.021196467266001842,0.005770597892278089,0.03446829079084456,0.048632706542253476,0.42587193567968623,-0.08449080405549793,0.03905124561951308,0.05674111919377793,0.08815179078072236,-0.00273531069406331,-0.055812630574825564,-0.03865698727454664,0.0017085148128777403,0.06974341740536504,0.0025762299001825376,-0.053756245041656416,0.12490894931887678,-0.06318329626184123,-0.002979820701938826,0.13149805266389214,-0.061408320882654625,0.06310685434123346,-0.11350578906207605,0.02705796440170702,0.05439388722756652,0.12784281532166503,0.11206410788831808,0.10325442587889828,0.007532255034052154,-0.021714774408893054
soybean,-0.0923473140435409,-0.05002518194114742,-0.11169095806210884,-0.08929095387650769,-0.12820943805413998,-0.17385279712333135,-0.024692116824921333,-0.11339139535907432,-0.14774719544210616,-0.11247112729860524,-0.06479921835314115,-0.20931771908537844,-0.03934369952292784,-0.1195911607578392,-0.1353798964407596,0.02032557338438063,0.24388193903047115,0.10497933572905911,0.2083959228677629,0.08651682868513662,0.11938475632166522,0.33005415183866954,0.012102945232107858,0.12411147577617324,0.27339272731435277,-0.07836876687006974,-0.04174890176727347,0.6601428332233293,0.20343091058472632,0.19321432459730628,-0.08895269356797188,0.01848394125416766,-0.10747955612815324,0.009799648299747768,0.23966588621792417,-0.10282676166545965,0.04028064237587732,0.0322439562574635,0.15395602946816353,0.06608392592391081,-0.15726187949328568,-0.17174898698601287,-0.01762748428557791,-0.035043218468181064,-0.0029741048634437644,-0.05462637680244839
malty,0.212211975045095,0.1495340173509172,0.08600262989052773,0.023872364459629807,0.2735941954606902,0.08461317837511222,0.19785458751808807,0.25101791596380296,0.1353541442615111,0.25291151802299766,0.23671570472876824,0.1777452400262301,0.08391497184560681,0.15600992259223737,0.18133788916202886,0.250311155138158,0.33972991567361244,0.2872633916136248,0.38112508459186917,0.28575776919076146,0.5004819274384148,0.1963983709976761,0.4187251287368736,0.35598516085067233,0.4051345997150819,0.25015316073974186,0.06545273486129043,0.22133294018066818,0.26213156346060235,0.3411395083933844,0.2882271876653155,0.03481637598156888,0.02176305224801052,0.15416091017492986,0.3174930837778492,0.011064487980071327,0.3465933216098599,0.1521726463361116,0.09829316768645487,0.13329425938760367,0.13348043532513798,0.27392921534117837,0.4190195560187287,0.1857947641671765,0.10939233332342908,0.16792567810161627
islay,0.06936327338241129,-0.01862729198164463,-0.048581191285932634,-0.009909294813906755,0.03549429398756191,-0.04571056659629106,0.055199130674464296,0.032460048600131464,0.10102307284335492,0.08304604137705579,-0.08496902513678209,0.03960740528324939,0.06076841744338308,0.03650153703195466,-0.016367820527918124,0.0738979935442256,0.13887888977600626,-0.0003632597235983916,0.07964542320292632,0.10884306762930836,0.5269505653663911,0.0691707831541173,0.07365386451842844,0.1573134733416214,0.11647597928639151,0.08643124768131241,0.031001786024549196,0.11986708009260218,0.06162857034495665,0.17245002113608238,-0.0022108491880813035,-0.0641787237729378,0.07476828349842796,0.03352624359499165,-0.0412185843520548,0.031494766631203056,0.07106469405838596,0.1241995539956019,0.0415819882389309,0.020064532848857928,-0.04796511965848928,0.08491731274780208,0.10685801591816829,0.0294897919383209,0.05056908842172052,-0.042344933611273616
milk,0.010856908437107049,-0.0520594363264214,-0.04951080931064191,-0.04740673912018792,-0.0278736475321069,-0.087799169700431,-0.053141638751136776,-0.04954015200739276,-0.05527139495961193,0.016594189928927063,-0.002254237510331834,-0.05813392105273776,-0.071307985595167,-0.04954983856119072,-0.07073226724593572,0.10606603579895202,0.22843557516510732,0.20687634285629797,0.34220135244645516,0.22824907461560062,0.2547731627467994,0.2909120223471503,0.23149091546936953,0.1612611155464993,0.4574404113300577,0.05364762124730686,0.002517982266715392,0.4564771852288422,0.1959840196891298,0.430756124414572,0.07437117374248045,-0.03241103624189023,-0.06686372228369258,0.24175780812191897,0.3625143828385668,-0.0529621139569873,0.2862560201194841,0.07373148225426042,0.21798626236834848,0.13204945347700842,0.03555633084015728,-0.02742974496290861,0.11170144838154732,0.030052701826349434,0.06819362267260301,-0.036240477851056586
abv,-0.002555136989512875,0.05444351043918593,-0.006026173359503537,-0.0866224967629707,0.06853497355522263,0.032246301955783985,0.07778572634506636,0.13137703608396506,0.0707756846874129,0.031340093780323416,-0.02526885672732413,0.14650568662458693,0.026481716563278336,0.042250556911262754,0.101996914549513,0.12287976369024746,0.08881463962596856,0.12618661719331534,0.13847168920007108,0.17535990847203997,0.4931751259968117,0.0724511658088594,0.1416920611479757,0.10851700149094334,0.19188870606926567,0.0063814827135905,-0.029437233403910124,0.17832432191329137,0.14674637220634978,0.1433878012931447,0.02483720619129995,0.016116736313084266,-0.05471935865023454,-0.01829215638788448,0.08632578033608154,0.17636239649557753,0.05716452885767387,0.04177834188133082,-0.0665049588126537,0.04688783297631459,0.05159756315639655,0.09172606663605942,0.09113571759154086,0.12274700974815696,0.08778266918408814,-0.03640678457067737
jaggery,0.10748629990728746,-0.08216140645992799,-0.007060460874515342,-0.07659480107066496,-0.0077218320028102205,-0.14919839755991815,-0.06628921684982216,-0.04027750468927728,-0.08304938754679385,0.0793105698285573,0.04806992456878182,-0.18318157878967203,-0.14254407440827804,0.003733563660859897,-0.10042336590875,0.10560172403661672,0.35820902776694624,0.1804379014070603,0.34549954272907746,0.32671585124316715,0.24105965787901812,0.3332755826249046,0.20685890291175155,0.32771552536199766,0.5604176113726393,0.029486799299587023,-0.0047291166769509296,0.5015044046604059,0.24142002888965916,0.47293097899952175,0.04449748183670486,0.0202470414519701,-0.11727469154671147,0.14725976719712514,0.34913040371640003,-0.14832584677047866,0.2294428019239339,0.0430410708852417,0.150289928680915,-0.017718794544530667,0.07707053269547463,0.0034692639405905466,0.3133324286118389,-0.0532525165945507,0.07910125314370435,-0.10321664977143027
maize,-0.10638986529990666,-0.09793041590947038,-0.08485340667086452,-0.05724379468849787,-0.08820233468609813,-0.13828322463576706,-0.028757676769899102,-0.09247416329711841,-0.11137115727692355,-0.07312035107682058,-0.06609990692486246,-0.15013640772967396,-0.0348160509134427,-0.08819305778237499,-0.10569320896395493,0.004704311365213779,0.20981321785815582,0.08826981979798232,0.20761668568036432,0.09494463345911962,0.18172261711016607,0.2981963284268726,-0.009895054615313866,0.1396912212172458,0.28720200342419183,-0.05324795488411096,-0.049309711413391195,0.7263627981195618,0.2140635044375447,0.22080401095839108,-0.098403559924808,-0.02465864231265587,-0.13102112557794648,0.01632222211610588,0.2899212127119003,-0.05840336342162671,0.06973785085621352,0.024845386293032182,0.1854312171525806,0.016994974441419244,-0.10794523261931391,-0.13763939003630435,0.04288254466776074,-0.04222377059999884,0.013879245289229817,-0.08800462427822392
cask,-0.058186896873597314,-0.05737439807012195,-0.03799578363259833,-0.10022087293958508,-0.021383623211710393,-0.03609272601176852,-0.039397495393754534,0.06553141007096941,0.031168207481094286,0.0867482191256501,-0.10110403751870806,-0.028818496103878596,-0.0012346477529401494,0.0029435691302675104,-0.0716229270363055,0.1065935451439301,0.1010337674979768,-0.05095819350097767,0.09883422021097892,0.1548645467071326,0.5214882478942531,0.14253637983152864,0.06892245500331007,0.09873400944600666,0.11584896535176756,0.025195655883741022,-0.07814956564751442,0.16058703596106402,0.17897364978238584,0.19470452518114928,-0.07875028901403071,-0.014647792846868632,-0.030609983807094242,-0.02166419771226963,0.013109092005870012,0.1262494682936058,0.04485782328877156,0.03369890515624277,-0.058527551770619454,0.060223750302794865,-0.05251741771818454,0.05625432506438344,0.026665155052135115,0.08872605252828099,0.06267701699763717,-0.07773829169713092
starchy,0.05394208514725237,0.07664136202048479,-0.07113888345553854,-0.01802014244719605,-0.008842210877836014,-0.06856387642741586,-0.041815806791933564,0.036447934729140846,-0.0926791667279049,0.10638608040745198,0.09603603740957306,-0.052935674806437454,0.012186664974266815,-0.03959733213968861,0.0013248616117531265,0.13351869042867204,0.3429980903969264,0.31310774456118173,0.3158208711231656,0.07575678778405387,0.11080229668182809,0.2853849568870394,0.20804339510352196,0.18786324875732116,0.342839427582166,0.04469974144945618,0.04442687230508816,0.4649591893473376,0.19502180163959326,0.2944922142892632,0.12929630181166113,0.15470090899466651,-0.0798094203877507,0.06978375117808393,0.4808156184821761,-0.1490194012670356,0.23466548173132118,0.037860172024185935,0.24980296440108868,0.052385887091797555,-0.0017501306405721122,-0.0002465054088016021,0.23333038189343433,0.06320436361988142,0.11834039259362991,-0.01963194423066405
jowar,-0.02726372333748624,-0.11267709690449755,-0.091313528844108,0.00018890426387502106,-0.09824738799220659,-0.11472634293300317,-0.031921653973559866,-0.05421546591982994,-0.14059278559761115,-0.030453884265958107,-0.03162847555478498,-0.17656632919009524,-0.0939467664320168,-0.09953287245956395,-0.1120342631266931,-0.015982837613633408,0.1593505190330819,0.15376001768214026,0.15936664346418125,0.13186232040651907,0.11642676728798268,0.16306411450262162,-0.01668532753478779,0.1873346477623424,0.3006785815299045,-0.01858903921489268,0.019899251793594478,0.477796919460097,0.15033808492539974,0.2062680154343986,-0.08625907679785398,0.02437318311022022,-0.155517799239674,-0.005626692938002611,0.24982180921810596,-0.08349013745497672,0.028168507429903875,0.009540339001975463,0.0782987967590217,-0.0050449086196321475,-0.0997655577547029,-0.08680281183334344,0.12301537772482612,-0.031575784914539,-0.018433656576915303,-0.10777981603937559
flour,-0.07259151085592261,-0.08714642593864132,-0.1256579971472672,-0.060667270159730675,-0.13609971642479443,-0.03477558195851127,-0.0439350526235217,-0.04747075488257501,-0.10519369938297124,-0.009466848738494906,-0.1121122634682585,-0.17220583366589057,-0.010359971477523197,-0.11122402720111271,-0.13926670492848148,0.08874230185459428,0.16263239137783625,0.09308120518910637,0.20154895462156613,0.2272504506126333,0.21866924490427345,0.28365771820815183,0.1558856964719934,0.07383469578144336,0.3965867866532339,0.06327206147234796,0.004693917520270658,0.4785357537988118,0.13096041562854954,0.3859268350051066,-0.005182585425087016,-0.04054132668891876,-0.09418902678614718,0.09068079117053007,0.20327379933905126,-0.0746335914937569,0.13247392801631824,0.018215327759321744,0.08116340762422278,0.057866160219314434,-0.054897183167254865,-0.06364485563991114,0.05850592685060958,-0.028554393732112528,0.005498410690761192,-0.12914257280461752
distill,0.05900231543715117,0.04299383374153318,0.018566658660008208,-0.045081761953155,0.02794594713467742,0.0320207302639328,0.09416403225434908,0.009319912271705165,0.13683106294424968,0.11895263080416857,-0.03365223364803337,0.0731587014362008,0.09060723538484007,0.04031355766497651,0.09910907539294402,0.2272771824916876,0.317222649634095,0.14216380061272932,0.33445172477608187,0.1848520162597226,0.4947416104703871,0.24207750500091996,0.10855619581259043,0.16927545785687503,0.3079294267668465,0.1019816232243669,0.12225612770543537,0.30034270706044586,0.20628406782683678,0.21852651344251792,0.09676965344647985,-0.0727572897163097,0.039737561444606315,0.17512944915535303,0.15213155854880195,0.02613947382115094,0.19372929267903038,0.20348562491816888,0.09871290821035188,0.107667304276996,0.06402474439732288,0.05400802981087868,0.10890899946698576,0.024839367016588326,0.10015114165473843,0.02240802218201383
mlx,-0.07018862065502611,-0.10763090126825653,-0.09114264325373356,-0.14133423532092407,-0.023475218388866997,-0.057929541958332165,-0.05779977220503955,-0.057469382274919135,-0.08550159067820443,0.03928577436161565,-0.08553151030335625,-0.006332154553301739,-0.04518052266761096,-0.06300015846620291,-0.10454543556356408,0.03988820047140979,0.018490441808626454,0.04795466171116974,0.11295889272555361,0.14237832905832634,0.4313319193799459,0.0061369253521813254,0.005843683990113781,0.04416713008291794,0.1520856171426762,-0.009473999097362863,-0.1159114154327712,0.09584544853432979,0.09213634054163371,0.18785578731728075,-0.07085120384101497,-0.04091580054369771,-0.17162347118348625,-0.03941428284390369,0.05779226878827107,0.05780253195201533,0.03121403502186831,-0.02940459373567004,-0.03677869590561224,-0.00392290489576595,-0.07331708119494225,-0.04876324112846614,0.03175761348051416,-0.0631265347089487,-0.08790227700537431,-0.1361299633115209
scotch,0.014124119307267652,0.0032733373155867914,0.007927735560220391,-0.03411559355017927,0.06574841354710201,0.07110624236854499,0.08847529540362048,0.10998344113720873,0.09267582199914405,0.17007033851725262,0.04557407201912484,0.02481834961659797,0.059817981407695106,0.05494555301880714,0.009137070710444952,0.15835221089616777,0.08558220632357585,0.1130264742517914,0.12300300551844727,0.12908112396563381,0.5679996529653398,0.12884317313078106,0.11686112480238088,0.1225935895018998,0.17859137142990258,0.13269519272019936,-0.044237831141184215,0.17314225420174584,0.001991481207891174,0.20626894981515506,0.07378351479147331,0.0014889816752562703,0.10598175714586791,0.015286333363425336,0.01968772318438274,0.08026590969771383,0.2033843156103078,0.1314002451982234,0.020348262637416906,0.022454509733440597,0.10170913502776911,0.10794406363254266,0.1149650727136751,0.1163953471623229,0.10121355858138799,0.002046321541940613
glenlivet,-0.046993088216775225,-0.08992570572251952,-0.02758751131764317,-0.06646980949000086,0.008004453280936264,-0.020310232679594108,0.06432340943458703,0.02982227860466992,0.10625887079446089,0.0796258865430466,-0.10314970476664363,-0.015091142002345131,-0.009802842804240501,0.026941630220119174,0.006839898894566261,0.05108697939042025,0.011871866818288616,-0.09905548342780099,0.05502386172748525,0.15465390155721223,0.48974331621192885,-0.06252561271037518,-0.013074285834824987,0.032286202993462985,0.12025529324103158,-0.02016403543770163,-0.13249288836896098,0.04137908853151298,0.1421958814145405,0.1870612903365469,-0.08937266882102128,-0.03929252205414584,0.003676879671668611,-0.07753749303245584,-0.010741192492645275,0.058763659300218755,-0.08348954980414754,0.09247659442414169,-0.06229090123162374,-0.006262160684141279,-0.06384044739037062,-0.021826891390639123,0.0673736186681369,0.000874398031557463,-0.020508017684051253,-0.09082514184025915
silage,-0.07252640096379084,-0.0986100208325244,-0.17668810476040175,-0.0445235779367597,-0.16578334523803517,-0.08687707344278515,-0.01750482735522748,-0.13778005294243698,-0.20240578136800466,-0.09493213774993643,-0.059371442581554544,-0.18401893189383112,-0.03440045272682506,-0.12992474154549646,-0.13728649016717023,-0.027003423423088414,0.2117983668633491,0.08669195515865229,0.16291970220033591,0.01831608304423761,0.165937489254366,0.2185458685471125,-0.0080596497168119,0.01742227634758745,0.13596038823369913,-0.04825817670116467,0.015636427272783103,0.5010232741520005,0.17088461361644436,0.13023659468631973,-0.0873984540066487,0.020457457053545042,-0.18951214745064354,-0.0019183276517395571,0.2533159692705865,-0.1450834876315223,0.024148051302466444,0.01301079351074131,0.2012799298285854,0.020436510166510317,-0.16464997748889215,-0.1758070185056991,-0.0166811910537033,-0.09356389818371194,0.013847831679184467,-0.09779486255574191
endosperm,-0.04329934377015265,-0.15560087345712664,-0.08052975823422645,-0.006318054768317397,-0.11591376212257429,-0.16369355681047915,-0.09394196453243349,-0.12028828356150606,-0.07727660689763076,-0.021630993820496172,-0.09984869963189212,-0.21517105431198677,-0.018601181244801056,-0.08703664111857616,-0.11883575641460728,-0.024835749308729328,0.1835237931822256,0.025351868574660607,0.1545032133254031,0.12040534053599333,0.1969218972829392,0.14374099571884522,0.05270858065440122,0.06957423990460357,0.3123216238435697,-0.06889621760513512,0.030515928323293126,0.47368328469310417,0.22108374450622387,0.32451284533475927,-0.06677360257893154,-0.010462309541081962,-0.08145729549851739,0.04602020374943181,0.33319857068344855,-0.16331935904256234,0.08521054349593125,-0.07428159041065581,0.18004718642324075,-0.02099860220136086,-0.03594381344628826,-0.10544610589775642,0.08014950213624172,-0.10443813465701798,-0.008212480323064096,-0.2044530972246345
bourbon,-0.06490313369878015,-0.03927922942674769,0.04343705067495422,-0.09387544770061428,0.058331607184135825,-0.012735498912898277,0.05598472531079279,0.1406079599618775,0.045056826559114804,0.13006040110505288,0.013883301199139457,0.013040245336108435,0.07154959207980714,0.01861089399344404,-0.04446108992566119,0.12590413874710507,0.14345055073748608,0.01311629359183357,0.20207436521007097,0.2648601037692353,0.5283283819919667,0.12309389164338233,0.10885641113535133,0.18566298811231002,0.3150478400247448,0.19981323281684876,-0.10953307121567729,0.2253358865998923,0.14294975152684314,0.2870167949386817,0.025900130809469055,0.04032591489894541,-0.0035952049382676965,0.016078885147606997,-0.0014571057646068912,0.09504663162134082,0.10976877232353774,0.1486689174309578,-0.10074955045945579,0.09373619513368388,0.03886322669805142,0.08615360989587656,0.16773470958741418,0.1375100467146168,0.034160886772521805,-0.0512733602634051
lagavulin,0.007358967621006096,-0.060854520100519845,-0.09351481277187627,-0.08008718395766333,0.03649463736302051,-0.057826021445084634,0.06106652938429274,0.003028509295477568,0.0966245511797235,0.00917984645580345,-0.10419930089538854,0.016508413296840236,-0.0019817158783665967,0.04377391179766911,-0.021050487939366133,0.03176177040830212,0.041391132514017326,-0.012121985721427895,0.01170872930273957,0.12962143626785372,0.5492787329086094,0.016353588606187363,-0.008756505983269438,0.0650844431850396,0.1454894817506259,0.011314856033179412,-0.029407630705852533,0.1442198832970699,0.07004773484172838,0.14733300569497956,-0.010562521338183637,-0.06394486421151295,0.051415121542371545,-0.0006115009179749408,-0.04080250251637338,0.05908555871286642,0.0063992018643039645,0.15120334379576236,-0.01985228711201772,0.02772404057988063,-0.03528997732907041,0.03190826180495756,0.05753692946621091,0.03559671463293349,0.03602143017673158,-0.014119680758944259
buckwheat,-0.0058377232721329555,-0.06115368718566456,-0.042987702603364174,0.01701678188980405,0.023721441856619188,-0.11378148404266196,-0.012191720378162244,-0.022122986426740352,-0.06896337958316402,0.04708622331904671,-0.028824796299246436,-0.12648182874180205,-0.024908382015338598,0.009897061365253458,-0.028933568417659983,0.04296557987465881,0.21111269975090388,0.07195385045658531,0.19794465136527478,0.13293978731397876,0.2542337258299731,0.16415603364932466,0.04984004824703951,0.21750615256337075,0.2911375565273991,0.012310966634564846,-0.09678172214469727,0.5063210988992071,0.13215680586830222,0.2942605291954232,-0.024079762055762347,-0.024446001748786837,-0.0710155898662476,0.033208218833150054,0.31983587038741434,-0.008713284786633274,0.09300581769363149,0.07129305745264256,0.11600895886007848,0.011878010978406536,0.023145116728012522,-0.052579657743142424,0.2125302616983416,-0.021800062176028055,0.008820366598511029,-0.06603173190173348
winnow,0.03235066735928588,-0.10308827861681003,-0.013300904844807386,-0.05887419277901454,-0.02924671552799968,0.0577546741280326,0.10860091913046052,0.05666840497050385,0.04546808357637696,0.03542502922179297,0.010027013492047826,-0.03465873270944167,-0.0213168209343522,0.013082940708929227,0.04095940729173651,0.11928972825942401,0.11118625987805887,0.07288611989533988,0.04770448239653732,-0.007755096941795584,0.19439978101590227,0.1502921536646223,0.027693971709813334,0.026863204438687123,0.12101978560581361,0.0405755055269926,-0.024313469364052518,0.4200911700103106,0.16398876036351145,0.05292037452671402,-0.022848844090517333,0.019650168661391926,-0.11024551860127701,0.14931884369339782,0.12317791744587735,0.09972095818112861,0.03989586847497101,0.14059374061481505,0.04284625460787826,0.12871161192924585,-0.031014668057149034,0.041090775034594615,0.05444301269472541,0.05615586788896684,0.019299930557966537,-0.026801140851865964
cereal,-0.07192426994840387,-0.02601480517908319,-0.07547004080581651,-0.059681269987576294,-8.43151726539298e-05,-0.06346730934810547,0.014892662035564327,-0.029523384792618616,-0.07451700470213818,-0.06747088269977701,0.021510164471211114,-0.11266129571401116,0.00663796841157134,-0.02918607859559128,-0.0591443444855103,0.040087404950464874,0.1663270328063579,0.1911771614466745,0.2529861425394929,0.2137160142119342,0.20272301763436448,0.24861988219954023,0.09759106802512695,0.09997644419362833,0.42702417375130264,0.018090131616660943,-0.034193169590729454,0.5250106461443116,0.203951689892601,0.40935776114528327,-0.0002304099515384936,0.09325044806836633,-0.06508797010147249,0.1282124472279049,0.38702484129296716,-0.05175137311176758,0.13302650611407546,0.06350310060826365,0.14428711726082274,0.07974629174315642,-0.019840465372597798,-0.08349572614433576,0.12014504391674119,0.04770827227771692,0.047843631424816895,0.0054021649918938415
foodstuff,-0.029735362784782737,-0.06094653778479806,-0.13665117557613668,-0.01563125619647322,-0.12522439322075904,-0.12447689619751856,-0.07920181924902411,-0.07603547036174887,-0.11378234968498852,0.09049519177914404,0.007939731738069026,-0.22867042299264623,-0.013000960764466487,-0.08668703980536242,-0.12075622284517604,0.07457398761016568,0.18663107071322702,0.09541815202381185,0.1487243260658745,-0.006508834719488807,0.1353106933061196,0.31205863637148035,0.0172588622040387,0.0894574969337646,0.31054338635311757,-0.0072402000931027395,-0.043683948128119224,0.43019741393018623,0.10162352275596975,0.3532691871507533,-0.023397183808219375,0.22383224060147372,-0.030157358960966853,0.04746031124313015,0.32529472940925863,-0.20553569900935195,0.1445245981737451,0.04681033889117154,0.29258963402730226,-0.02704018153200822,-0.016765349544318898,-0.0962400559267222,0.1290888019127198,-0.021897021660336018,0.1500209518463691,-0.06774627772059016
harvest,0.054501689015901265,-0.04717991533711389,0.0518443386416241,-0.012561835667459465,-0.04572618486926591,-0.036780790254063805,0.007839091054929838,-0.07783216970109935,0.013558992255488157,-0.03208974415408175,-0.0073862865810819375,-0.10650395160885887,-0.10026317051724458,0.02962724371321722,-0.025771708023661532,0.01171498321444042,0.14380514470544437,0.10613274336826992,0.15432527268213453,0.007729433006396562,0.13345395517898526,0.24142723456656368,0.043701804754047745,0.06745323996371648,0.20159210517904028,-0.017518901822746846,0.08036127187093003,0.49822686730801097,0.412105605591191,0.04835110586987915,-0.022012363833860026,0.005110372145962146,-0.10867561329813114,0.20530722891341513,0.2854466518137932,-0.02087912602259258,0.10855593422372019,0.13645593869711178,0.22593181849211327,0.11699041314633894,0.07494449722088248,-0.008039019494645562,0.1512086394231123,-0.03260300971601342,0.07709435947937171,0.01721488227551619
foodgrain,-0.14151478280214275,-0.009001594249380063,-0.16945919035884652,-0.08915204002308748,-0.1759985834077484,-0.15272725831611775,-0.08007528167909497,-0.17932641645889028,-0.1633589730485001,-0.05688293117041851,-0.059954615180920566,-0.21355717940836594,-0.053216396046886764,-0.18009751789913797,-0.18085725580936765,-0.05008998118696196,0.08830264428691101,0.1408013860881112,0.08166885487509154,0.03644988991913184,0.1086688810208181,0.2358224632872969,-0.05147365563956063,0.037101650653394436,0.1943363604049785,0.010259567564937969,0.015955864122876397,0.4795256200701153,0.1376833796763083,0.12046648606541972,-0.10763620478766243,0.11314910180482703,-0.15117485092573843,0.005701689973004332,0.17515566644349234,-0.12598405429978937,-0.024206314299373817,0.0626328409339796,0.1368704402454609,0.004515528431455912,-0.14289783723853208,-0.15927934019097473,-0.0014696577700977402,-0.05641047803177989,0.014527060095241396,-0.019955302333804683
liqueur,0.01694791285356485,-0.0005602955097202046,0.08421203964533866,-0.0660776022948025,0.07806854501832133,-0.0914283340745165,-0.006027551028725501,0.12568786775564775,0.030924537589698115,0.1307235896111153,0.07348569560830293,0.008062408146664656,0.030351795051928122,0.029457800391887216,-0.0042953284300334595,0.1668643339465379,0.2593950259311639,0.09010490870537706,0.34546885149173384,0.34453805900637646,0.4424409589225281,0.09018763493298024,0.19619222674358214,0.21595105128500874,0.40483553861446236,0.1029070604347291,-0.0941904833748189,0.11782396280312604,0.16867280208721175,0.5236205611201672,0.07781598306169162,0.01650701544862547,-0.029538734495726273,0.06792267198848875,0.08808956719472337,0.04693664844498109,0.1576234510164634,0.12605064682336625,-0.062167610509410706,0.10855426017145599,0.04630172752208393,0.12026252245641206,0.23655093483683085,0.06843319209249976,0.05452162693945849,0.0256503495544497
bajra,-0.007887423699087594,-0.1455892383434429,-0.1069911505725635,-0.04769455319252674,-0.051514542683892085,-0.13265105827635915,0.01764990726919267,-9.00847118420855e-05,-0.09209942504177032,0.04740210604242059,-0.05537904151143449,-0.16063536123348457,-0.05402493658098908,-0.07778989804438292,-0.08414055117027515,0.06860427971703618,0.21451644749068954,0.1055470102176801,0.12764219528102305,0.14827505059056434,0.17548534930725462,0.20440748665827388,0.05436531074974894,0.202793662950399,0.28389216315911214,0.013401914823130408,0.005815383324882219,0.5219818514870399,0.09122667660904976,0.26776949348540496,-0.06004371045922715,0.052913981714737386,-0.14997969452946572,0.019319599109383502,0.31634037406512794,-0.11299443879592144,0.08450743399976995,0.030479672609200106,0.11738197825188465,-0.002150813098138094,-0.07367126274409454,-0.044131894581449664,0.15647500734538453,-0.004739914291211075,0.007819580622383505,-0.1244000356601665
brandy,-0.043899301673805825,-0.04176419914652615,0.04560364423001713,-0.06118507223799352,0.056316096758319126,-0.010693564682435288,-0.04433403174991543,0.11325847546034934,0.01578354272788288,0.04417905931225814,0.00964270106496261,0.03352315917117228,-0.07345372043508984,0.004959975345286337,0.0007827400747419945,0.12145106555571836,0.15383055486918815,0.11581311498659112,0.28600627365565606,0.32359995899453337,0.4346245230014018,0.03895610234063818,0.07762252101857559,0.22144062517448757,0.3507363062243546,0.04584701765527167,-0.07546838844716912,0.12435057721103353,0.1760405525768415,0.36015386652448794,0.012884020547470655,0.029077479436589886,-0.012895204443283265,0.029067788413821308,0.07760781293935104,0.12680403196641582,0.05603473089367034,0.08848471418930798,-0.11586661776341077,0.009837414517739418,0.05933816009182115,0.08340137467923461,0.1985980700806485,0.09441009087815899,0.05993072378996208,-0.03139585386976987
talisker,0.05207031266739405,0.015712347134386767,-0.059266263968249744,-0.04357349295143147,0.05905650341372518,0.04720014032603631,0.07805043155570424,0.12526760695001962,0.11414666622037943,0.10388966408984901,-0.06246646108132268,0.07167902238100506,0.03302154981999975,0.03734434871891647,0.06387527506034306,0.1422699872060014,0.11386600732184811,0.05196962757530164,0.09200326755515895,0.1366685586145915,0.49039233469972415,0.10108611369482201,0.08995785746377305,0.18276772997358637,0.09540168249170133,0.09130319867254609,0.007799003957262623,0.06543614749643997,0.023141684741950407,0.1841325871266778,0.05120916506806915,-0.05677876443083195,0.04390008858223795,0.07166812583220543,0.010544052280848686,0.11415451005783038,0.06982099915467689,0.11790510036981455,0.03990420604528609,0.08141865291370343,0.0015578132669064187,0.10865965762445025,0.1243949833853598,0.10452859422890001,0.09758968223995845,-0.0006560903129450673
grain,-0.023091846844516296,-0.03719280687051253,-0.14252811359403464,-0.08314839433360552,-0.1008932865310372,-0.0860658674667838,0.10573802919760034,0.012805824261201804,-0.0359493024464215,0.053454302711420855,-0.03443118657619661,-0.13736123253125854,0.049481510812113244,-0.09543264857511953,-0.10208006981245248,0.2033203304671109,0.27088792044593707,0.19686682743547376,0.24869114829863662,0.17191751105293843,0.32136926034920116,0.47278887571329137,0.22216924400507096,0.12299096181795068,0.40059941285980877,0.08141941862695093,0.05227895694448577,0.8627013434275588,0.30979226099336743,0.24163723825680758,0.07668129405112088,0.0773623050065196,-0.03414520809412457,0.156275305722976,0.4063626042687938,-0.049558516145285156,0.25928960840004917,0.1850593041285808,0.2017854207941331,0.12204016877217987,-0.03386780933577078,0.00879809924045402,0.10563489525510261,0.06005657171781422,0.1099711169521183,-0.04975788492162919
soyabean,-0.011581609432345914,-0.021727204634164117,-0.08666650437413546,-0.14785994211450487,-0.0875506344111822,-0.1661780778762869,-0.09083013558723227,-0.04917038553472842,-0.1687565823517857,-0.048065584385586176,-0.009577491643965347,-0.18105033318088795,-0.07993817901251894,-0.06421313342085733,-0.09781554922018645,0.06280617636200937,0.27579042061855913,0.14050616195423965,0.2009237655269496,0.1251104698387803,0.07781621895691769,0.31810947857423233,0.048290760125912914,0.1549555084815654,0.3066950145635496,-0.0022840438379423617,-0.029387946829680003,0.5833945250212637,0.2081694026093368,0.2210536251036572,-0.03358735052183951,0.09901298297666503,-0.1359507012350592,0.03945548170808648,0.3283707064686722,-0.11059796223132176,0.09170049141634705,0.010329099828622151,0.142217504930537,0.03674217350561671,-0.07878881732559377,-0.09373332496918953,0.06014448867861029,0.008922492267776439,0.046747670758198266,-0.04187620987255646
balvenie,-0.011937167267508302,-0.028424497215630038,-0.01158727490325013,-0.07376828389198647,0.04453474436582617,-0.07223672605398618,0.03494486211087696,-0.011508040476213344,0.08899089729720004,0.11553892627041366,-0.042505526432553564,-0.0042732484329605505,0.009585188984334322,0.06691376558196735,-0.009867096204398856,0.010744899030256543,0.150921922251463,-0.014025817655436394,0.1658820416240618,0.17370184961794233,0.5890876092842582,0.08234217371628876,0.03451852881615418,0.15240947502507113,0.2190578389416137,0.04716098792569099,-0.14331593082736538,0.15673928588352623,0.0789273863195038,0.21908469258211596,0.0015504048174844788,-0.09125576080570533,-0.0016081905623694772,-0.016292460797416686,0.016674180911055735,0.07898792029360337,0.07644674722228194,0.08082658652472473,-0.05679101717241399,0.055743989851817596,0.01298220391624954,-0.0198949424024674,0.1335231891855003,-0.008969653051010844,0.019683635588982784,-0.038406631841181794
crop,-0.014291877599847376,0.01127882205221396,-0.10247515831706883,-0.029260147147839928,-0.09922826096636708,-0.08642211650519349,0.03900478840821072,-0.041822116120003534,-0.10082901139265411,-0.034084572898770066,-0.05054520839923067,-0.053970254885012815,0.025373821672977574,-0.07444191144623835,-0.11607109152776456,0.040899076658663436,0.20524976906912043,0.09708931788923303,0.23802602814644194,0.010949219261913763,0.05275388633383196,0.2815166187905958,0.06005761926963143,0.0818794191078999,0.15980437459139993,-0.07782084355042802,0.0833108017983806,0.5556152755393923,0.29307191156273316,0.07703953830712718,0.022673183070499592,0.003658933579995104,-0.12029696618072004,0.17783908788733122,0.31119030553223453,-0.020253997496654037,0.1395644306126417,0.14118385375898337,0.29080339326597515,0.1799213320160013,-0.059612472231583134,-0.05723311243397457,0.019245183350156896,0.1036654743741543,0.02237578769255442,0.056280895575190705
tipple,0.20160649213038098,0.08975555133258478,0.08512383695142185,-0.1199363121828528,0.17770731787333488,0.06841455527263755,-0.005510661707273598,0.174958090432215,0.04339636011195688,0.1212436680669425,0.1298597784586355,0.050752211363637154,-0.02933315740194912,0.19547508068282937,0.08447597892224701,0.11146778033979891,0.09661136704993259,0.1436158138287813,0.1447481862018967,0.13847578154252949,0.4464864579627952,-0.05106356339346269,0.09926194662701428,0.1457954685415984,0.18709418271772882,0.11760073944735461,-0.07970752052581251,-0.0034646479562033994,0.045987368040464174,0.2126448856841078,0.1221832806750549,0.15584460002485917,-0.00032553412931226564,0.009298155385737581,0.10578046815779524,0.09074898742587477,0.10459758062536165,0.03167340700264525,-0.07796515589937568,-0.009649570877480017,0.19081887545005896,0.13200715702671112,0.29876155780508246,0.0901682959097968,0.11193053447319201,0.09136893979516324
dalwhinnie,0.008246225244738269,-0.03500108596829134,-0.022475553426165654,-0.06496653953560345,0.03309512077339681,-0.021017698619389253,0.01756480864749128,-0.0039317684601214735,0.053734278474043606,0.05530979800392999,-0.04712877365981711,0.0011058497608181735,-0.05524398315635805,0.05016740123566338,-0.02884090223479694,0.04605280437273783,0.09229132186756178,0.005483728103567321,0.09936668333371687,0.1549363246448009,0.5038624331687742,0.054191353944129446,0.029452781248816753,0.1440688700126404,0.2194375265731305,0.08881912849762408,-0.11388514701984448,0.1258463397982659,0.004706335916836346,0.20025134719347126,-0.01737591803931677,-0.07161622199612884,0.017001283021930266,-0.05330119125539998,0.003579684596494206,0.06881720623372029,0.058359912195529585,0.020479196610490174,-0.009195973189976031,-0.020768080595364842,-0.03118474345468009,0.005827183132658529,0.12433589201366915,0.01457607889963775,0.04356458580715602,-0.0807952835960415
hydrolysate,0.025093153585050886,-0.08177939189957058,-0.12806889514119985,0.006615918133119329,-0.047775196942885484,-0.09923392041319237,-0.09973123606406993,-0.059681986831225664,-0.04526605939264126,0.021457647702939474,-0.015314214131770896,-0.16991228076121973,0.025671410701562158,-0.03892602930495664,-0.04655343029476946,0.09299988319985636,0.263638724351306,0.18283448226906293,0.2611385452203842,0.08801327491212224,0.1854940223024395,0.238309497768553,0.11346353385604718,0.13170802661276143,0.28850116482269994,-0.13465686566448834,0.04443194624414301,0.40738199375288336,0.12182571670753177,0.2767587807504627,0.04017534932782941,0.08417406093424022,-0.08134284059085192,0.07641589491346602,0.47668256665534603,-0.12060386504861217,0.1291374080004076,-0.00031968454751436646,0.28630984626896366,0.047955351485242034,-0.06250764644725001,-0.06530324816144777,0.16038886458532564,-0.009760782018708346,0.04305161909317456,-0.12070515438817432
sorghum,-0.056784663472447455,-0.08759770080397801,-0.08190567640654944,-0.03946178448086443,-0.09426758776878212,-0.13032527017964082,-0.01978648288169425,-0.05644087116984336,-0.09265531777826123,-0.03210344893475382,-0.05838047268054347,-0.17542293034455483,-0.027996247855162103,-0.06963871100681916,-0.08121254681971711,0.03986295293369558,0.20436796831699014,0.06530925476260357,0.2116018863784677,0.0985059121382054,0.24379373119708939,0.2785714238463506,0.0131472817630063,0.10721032985814648,0.31455361214075755,-0.05905711459177886,-0.060379067780521316,0.5989810939278519,0.18689868786192176,0.2693075313586738,-0.08891282874006334,-0.043372481328477215,-0.09959215851397575,-0.02897464544963775,0.26785954168151466,-0.10401507998520075,0.06674825581003938,0.018725706100464003,0.14911647188801352,0.009578139332261164,-0.07563971613708692,-0.11053563261276506,0.07728683563920248,-0.029106728580236985,0.000290566028118267,-0.1424198725266819
distiller,7.30368125160329e-05,-0.006505221883852631,-0.06667253509331275,-0.08574788279915033,-0.01714856878298882,0.13182244408954558,0.09566216878306859,0.052780521089096005,0.0938755688115587,0.08481688254255033,-0.04437100232671544,-0.023811048331684743,-0.032217484122942994,0.02000230002469852,0.03291291203814285,0.1295147482553784,0.08898613111047347,0.001779070482589805,0.12986963081441388,0.09761238094641045,0.5242857071487358,0.07230548076157066,0.010123331358894662,0.06888293503931066,0.20472979200247227,0.052899103402018706,-0.08358177484812532,0.2272498930556251,0.0776158309505302,0.20441235670854907,-0.026519462258908073,0.020341377608844458,0.018021478726888557,-0.0365168044235177,-0.02799179930105829,0.09633560254506926,-0.0061016784846534685,0.09620473434849923,0.025936720862331543,0.005651145999097673,-0.027044390584714504,0.02536608542173878,0.06919640071456788,0.001671968552896658,0.046802213370567954,-0.03451983251509202
barley,0.015316854001213184,-0.04999526626454222,-0.09238092739183937,-0.039645465402411276,-0.02550151353172398,-0.09105573624936808,0.021302481357756357,-0.0036379715143510646,-0.030684628974436717,-0.03596264300897341,-0.04030017191260012,-0.10879454390237436,-0.002417526477980286,-0.017979369766281558,-0.06739800778430784,0.08793803116041268,0.27989123917437264,0.16397279297818823,0.2796285353799032,0.1698638067478229,0.4704154778396983,0.260817756523417,0.1302908225855039,0.19815465914460864,0.3267047982157483,0.04893523812719078,0.009351721006650065,0.664678017306338,0.19066398487852398,0.22917642021196355,0.0005618093514030305,-0.007075672954564025,-0.05915227656076425,0.09813977282932955,0.3285538242990496,-0.0024424728050239973,0.1568505516612231,0.08590008073641597,0.11561995974149232,0.06270723443338892,0.0036774215460603776,-0.014526380642684474,0.14989854002525776,0.046953579113267814,0.029311396726387075,-0.0884952160417305
balblair,-0.033801729336891836,0.0034809928640695993,-0.03846081161692862,-0.03736286761213844,0.057950334411171436,0.022356110225014367,0.09091623310839843,0.09657219950632455,0.10028863585033385,0.0782115462161787,-0.0442533195009599,0.016672435417599638,0.04787322788856146,0.028306801893015567,0.015536476046314245,0.10385100134402367,0.08909019317947281,0.008738259077020024,0.03824482708082935,0.08679058394931259,0.4324855277079653,0.01980705299694185,0.0183969761603816,0.09458626524059725,0.09526466134073341,-0.032807350921742785,-0.07372578447406698,0.13833884615871384,0.05339385482269015,0.14771435926160464,0.001258336186421534,0.014198476753445682,0.03486845485413628,-0.05578048088545164,0.055591814554020534,0.09737348423810806,0.014186273218579267,0.10438029917991803,-0.026356709568786912,0.08604832805660292,-0.0413151837324498,0.05295070719195534,0.12229191787272997,0.11507272484859991,0.04632986628307723,-0.05207007487912253
cointreau,-0.0019040437634588795,0.0060530662423040425,0.024736991580742544,-0.11125625528786678,0.11722737203056095,-0.062140757696186905,0.013340405158799609,0.16073163689258407,0.07397637281202782,0.11839302280701529,0.010652169260670091,0.057441965757250676,0.00018129069262979314,0.12383041415144101,-0.0027575910210546318,0.16466564561228828,0.11233003171408486,0.07525736549426824,0.26621281908404637,0.30855911890113463,0.4268482664487704,0.002618141592965575,0.13671088905435777,0.18577237533549298,0.35343850501734675,0.018899962582811316,-0.13292772033472744,0.09184042833503628,0.1731360479903171,0.4114503002584299,0.0720484531493672,0.07078136379332832,0.00832184454704135,0.08360403351682026,0.10584479839068353,0.15326709746532385,0.07217529807468605,0.12788400490263352,-0.09363225968929288,0.1270123234952792,0.07305460331391844,0.10902093544058215,0.2314943019554888,0.10712159144310616,0.08745300558798746,-0.0024568607457307974
kilchoman,0.009601289764612036,-0.05968092901991221,-0.08521614016455559,-0.07314753284686497,0.02248690087444353,-0.1190298156084185,0.08952020699948218,-0.010130779689293273,0.037190033309900575,-0.03894518337655277,-0.11917717180580234,-0.022950507292619667,-0.00799002678497478,0.06204320832037922,-0.06998297476162355,0.0009020581240389477,0.0418324741386944,-0.030361788020040276,0.004327384965119794,0.06700765389583298,0.4447185936349491,0.009120916600369384,-0.05960871626703999,0.023110888672266863,0.09001148602116528,-0.0052960535651089815,0.012522329752027554,0.13849826427404252,0.06434658667706215,0.1322000594847963,-0.07199412298889639,-0.04196709266783477,0.07465964447968756,0.012397845201382075,0.052141684007157726,0.05622907140279321,-0.03301858903998243,0.10583115495768979,0.01025274326784327,0.034063086741045905,-0.08307612670396904,-0.001303859123996319,0.053575477838099954,-0.009110078186135481,0.03224278646017576,-0.02737445927241066
foodgrains,-0.1504002598748311,-0.04464978886033227,-0.15591842728869873,-0.026066049696006885,-0.1893530964545739,-0.11705933289096673,-0.10416281122288691,-0.1647577129484061,-0.1894629278212699,-0.03177448141878079,-0.040842162053865656,-0.23969654381958921,0.02687954782548636,-0.18243284324451772,-0.15465854694654094,-0.0757797426755398,0.04068179846706047,0.06061901535760637,0.019937149590701052,0.01210981068479456,0.07925995600865524,0.19772995499772328,-0.07540361738674127,-0.04598206661858425,0.21371794085072918,-0.023122909600392413,0.0480917118515461,0.46696483359333557,0.10671464667840062,0.1369840641717224,-0.08229281094680314,0.1342934791646377,-0.17268551337242669,-0.038421260739830314,0.2314322964201157,-0.12911143327569627,-0.027167784694019804,0.03681718085591471,0.14645030005880832,-0.046515765874628745,-0.11196661333238704,-0.18258636099708936,-0.008883420689175869,-0.047443396331742334,0.04593555328434178,-0.05845270536357064
arhar,0.008084707233220552,-0.03475519995949402,-0.09449153566880755,-0.04109745631455787,-0.06784251337193765,-0.09670936419520285,0.012053104518420635,-0.0586865013318512,-0.09736641701477135,-0.011052529883509587,-0.016739181959758764,-0.11779857250274274,-0.0711576000735014,-0.05253407852545856,-0.07771236757740853,0.021263052175351828,0.2377376915894059,0.15751105484942898,0.19565515213064583,0.0491470506752523,0.11639398956233835,0.18063303840997832,0.0078634524073462,0.12876332049090894,0.2534946773078628,0.01823148604329367,0.007203982034193277,0.4452100841119649,0.1890859319802987,0.12639978314041064,0.032099943050332494,0.04484777076928436,-0.09148635643775414,0.04233065233809346,0.23967443283145942,-0.08841798840293619,0.060513176335001875,0.09385902935586661,0.11241799509430454,0.053971390673619654,-0.02576907350316598,-0.07293427023489862,0.10665302630908921,-0.03560383004066719,0.055864517207857706,-0.031710841469855505
rice,0.011520926370312115,-0.055766437055424146,-0.07236954679765555,-0.06697923835329357,-0.058249591511551325,-0.10175246904859166,0.00043573709198815424,-0.048232139529454106,-0.049599019751123366,0.040303622332477626,0.021341693544829857,-0.14535260832067531,-0.010681190314200789,-0.05998805344710325,-0.08886486251379548,0.09750467022197266,0.2847625946607749,0.21826498362553973,0.2363524303037533,0.16716630630397117,0.217826022271918,0.31951204992520293,0.16449657466814976,0.3389278297490707,0.39670648051513513,0.07666950281939666,-0.06416117781476836,0.6142970404997552,0.2199308871529132,0.21241816724847404,0.029573529554199778,0.05808997210108822,-0.0711319186974839,0.15215041926935902,0.3105459168397888,-0.06688725994526476,0.2060698128457613,0.1134682888498011,0.1476471843784292,0.05181775753743291,-0.003994577826577306,-0.0013409501247866943,0.19094916406259158,-0.048692462042174256,0.030291514629336283,-0.056412422588757505
dalmore,-0.014215041337967077,-0.08680977178699374,-0.05906644248219188,-0.07899171257561313,0.024146599010953274,-0.009031937394155023,0.05856527590844728,0.12642834855770718,0.059920089546450055,0.03106561788493875,-0.13961753048549405,0.006448014224215617,-0.007305900664507564,0.03795278465287056,-0.03852018968789382,0.09697702652839295,0.042316773498300944,-0.027295303802871318,0.018215589990738877,0.07202285082841241,0.4422739897523828,-0.058726991963022224,0.003752254917326005,0.07613034904818715,0.0938549638616168,0.05863290840273921,-0.09386983721114163,0.04421909336656224,0.04191043219472269,0.15991428750856085,-0.071135845464891,-0.011837904137616477,0.0934504536410308,-0.10020477051041217,-0.04259039130989255,0.08970615406164577,-0.030396496922073607,0.08095747587244101,-0.07696259315753376,0.03255647911672678,-0.02371326918891348,0.07927906388967931,0.09224631994184379,0.11274451505872407,0.040274722703231174,-0.08027737774966183
sugar,0.03598330382921199,-0.061860047830504125,-0.07970936856389985,-0.04286798949259382,-0.07399403894065044,-0.11796951340872586,-0.03976559822413748,-0.03652648633289181,-0.1042348261583026,-0.04961471895035307,-0.003663653759973361,-0.10036253169473845,-0.04835746990091188,-0.06300551943762922,-0.09607581221766547,0.10719859110891398,0.3078855896071244,0.1641247764156704,0.3785393856043614,0.4132268769872145,0.28536651215019393,0.3008974749916275,0.25360387135073376,0.15209448581047744,0.7632599990895611,0.061633728014384936,0.02324695537694565,0.48944913134902446,0.23234171419419355,0.4657715935639818,0.03400566334518907,0.02800126879503424,-0.050225578028613715,0.18913743136093927,0.30842919441677247,-0.10392933682303707,0.24717404431707773,0.046430958958212726,0.12045992635988374,0.02418470477231725,0.004146675910379275,-0.04481207852403996,0.150078415037806,-0.030850459382015562,0.04657951540134459,-0.04185226827595565
bagasse,-0.024073189852142688,-0.14706790479214518,-0.11999293041567108,-0.08695273030920661,-0.12245482528444106,-0.1297444430885383,-0.08092097060625417,-0.13031947798757426,-0.1526841199073714,-0.06197338474971307,-0.05457996966887538,-0.2627065187171297,-0.11394015961451849,-0.09072773903986549,-0.14860534709522166,0.02064247479723068,0.24783980845981268,0.07154314159267162,0.18725509062286808,0.1364836792327432,0.21952900577812992,0.2389039919036892,0.008771498134006808,0.16891382788989096,0.38803513726653033,0.06583104710329057,-0.0700838378904201,0.5033472524197558,0.22098713732181333,0.29225530483085266,-0.11548119109911789,0.012030082507884926,-0.12438567941830395,0.13761740594763744,0.27311611519509765,-0.20686734165684076,0.09229458173411932,0.0595186859913498,0.24562927820212585,-0.006984919075548612,-0.10022461696254495,-0.14903894078524896,0.09759468464150314,-0.08015000833946978,-0.03600849131732969,-0.13168410348297127
lager,-0.052422236225239435,-0.029605733523721957,-0.06277270291431358,-0.05848796884857373,0.016008689313531124,-0.009994972020168802,0.028935679318485088,0.02919175340038514,-0.03845482455454031,0.08292119070970559,-0.010538985972908532,0.041580170979720825,0.028615931385016776,-0.024157283237067464,0.0032147458739980226,0.059805520291554226,0.11783895269288297,0.1394956162393918,0.19415586442868102,0.14635486529349778,0.42934683073696955,0.1676196519818434,0.13415643393735985,0.1607658736997965,0.20345219187837005,0.18413467982818374,-0.023386565409835677,0.22061733415173135,0.09514151308633323,0.2182265815709027,0.014536904597556122,0.06682215187908302,-0.08629484832696462,0.10499917731598415,0.1284181033719416,0.03368349700515362,0.16693371915358954,0.04471104599980768,-0.02984199805690888,0.08476375179053232,-0.026429432341288365,-0.023338239722891677,0.0577161046586329,0.0684597769391922,-0.024045768913562783,-0.006988007039094751
malt,0.03311874026819341,-0.058013526958100664,0.0028316790654992364,-0.09397287128904862,0.08021964519187552,-0.03441336712419333,0.11450271104952298,0.149258874973034,0.12557069305793114,0.13087452979208142,-0.011285814720237656,0.01925768456915831,0.05400534470509592,0.05518337019226555,0.029134845686931102,0.19707306212270792,0.17948036866802386,0.0790089797985025,0.17858934900740123,0.2739055750492285,1.0,0.11803055052132824,0.18350782925533113,0.2382495312287107,0.3433453860800578,0.07626424980785941,-0.0015980395521063033,0.3038760182064627,0.115649497233898,0.3772961365472612,0.08337707176069507,0.013677541936187967,-0.0037382854760760202,0.08897151487125869,0.1052875906708324,0.14634610527476616,0.14350736038811354,0.12027674074622481,-0.009421383825048936,0.06413995809392058,0.07134147566426456,0.1465953640557345,0.21728087578270014,0.1439642703037987,0.07704412375423403,-0.08718216068073023
decanter,0.0009896237687211445,-0.09521765381882517,0.08737127450084041,-0.14786969286159013,0.05468349526433222,-0.03128680113882779,0.02934482745760644,0.19870931880609816,0.07374628173772509,0.07520773932821496,-6.057712263989609e-05,-0.012319364827158116,-0.0319138667600484,0.03645891588059221,-0.01908659167079084,0.19931789950554676,0.1084429605840345,-0.03404782229816512,0.04802879817956671,0.15715949658483722,0.4282668747541704,-0.06438140653019496,0.08823361099385446,0.12721919958642744,0.19086242541232165,0.07869244829499157,-0.07503263345071806,0.06382616973850057,-0.002005235596676057,0.1931907384599196,-0.021193371887032585,0.07042157615296225,0.024094348592541896,0.0718983261570433,-0.023471907160880726,0.13176173158174048,0.061914711596581185,0.11472258070137581,-0.08695987649358661,0.025978982965039043,0.08073795409347967,0.23030180085169133,0.13586870940232051,0.09824684617796783,0.061783493599528366,-0.08305261536954935
peated,0.023097328361684457,-0.008020505056547299,-0.08421515490046595,-0.1167863197981192,0.06070541365700388,-0.007316007745062624,0.053489593335498194,0.12798452456340007,0.02981177224869654,0.07833071585159497,-0.00027535855813557597,0.08486644285752891,0.05726283333288435,0.016376997876042552,-0.04684367907614357,0.13066210050979724,0.21969396631879018,0.16709867849528956,0.2307201196330927,0.1863887283783599,0.4830084583177432,0.14986885945300424,0.11563161691334643,0.2228442631028989,0.15313856999240638,0.1263602149342341,-0.03856070866667485,0.12806722017074235,0.12213281446963171,0.20472722025826126,0.03299521274873118,0.0801925485880555,-0.03607054966425708,0.03573836959209395,0.03360559896253052,0.05719786786461695,0.16552283173923746,0.12161416912779924,-0.06260156710782433,0.09462457142343174,-0.04857816847532482,0.11808025444982255,0.15466310557011978,0.11687854321318393,-0.028928171878758555,-0.028222456434626814
chivas_regal,-0.05477000509180848,-0.09163086701037383,-0.02391270819995246,-0.07046584157308138,0.04864962858338569,0.057188917098767215,0.027927004422662348,0.11257037122328366,0.054753992438418275,0.09393635019614696,-0.05865389693485789,0.016577834319271068,0.003214621908574752,0.043435376339310036,0.002352534682616982,0.0940681376990867,0.04900247175128571,0.02170068115311922,0.10512861800607348,0.12990611448614964,0.5260482859667518,-0.03758271839783727,-0.010242728157555472,0.06590982647563612,0.18764165345058337,0.083838287431284,-0.05120323480505534,0.08909699353891379,0.03518592050934328,0.2125365917695138,0.0020049444829155407,0.036764898132852525,0.037336090243922336,-0.07473257715695893,0.015814687512776534,0.10026745759900435,0.012777632353366139,0.08061219000970836,-0.07881685759395039,-0.0025614086275203406,0.04714008584357679,0.04503040194936461,0.09086056952263907,0.09363681270775295,0.06722778352469687,-0.049574417345001114
sugarcane,-0.0026693609128401385,-0.055898072238721376,-0.07004338094581987,-0.07000531720286648,-0.08740503729673539,-0.08336017802579483,-0.012212720243242497,-0.06957886916148646,-0.09669339204228738,-0.06136672099473068,-0.007274253793292196,-0.1521080914590004,-0.06363197616804175,-0.0694187321965152,-0.03259876824954735,0.05031004662498864,0.15962769827339363,0.1069427262900047,0.22367531928470122,0.1722354186696833,0.19737878129523997,0.2826972874465706,0.048037347168109854,0.11096687506436112,0.42140641844549215,-0.025413627621452637,-0.06614278310936171,0.5374566416309637,0.26476841521241623,0.2770440091068442,-0.03210736805691778,0.05512809034742852,-0.0895944912431326,0.04919606999027225,0.16844475825486144,-0.1109724091150334,0.05127842699067922,0.06548105406354628,0.1979460944029003,0.010615456404723797,-0.03544100708256657,-0.08967718791071803,0.10245336076850693,0.019150119792627488,0.07158798018461252,-0.063623211373929
oat,0.08817292622354711,-0.05522815808547547,-0.08078579324800753,-0.022926440522891067,0.03945627696852124,-0.07171709556813367,0.028492154441834963,0.06961879009124172,-0.008682755946916334,0.00011661514671854448,-0.04196104245805007,-0.005619805876386869,-0.045758371446389945,0.057378919479911285,-0.018201881098512913,0.08663727519755378,0.1583498439902403,0.16079584613104914,0.20909204634918924,0.24275206145545863,0.27623890595071404,0.23634224632564,0.21747306366338362,0.10263321478324029,0.4034727468214436,0.051297808477748126,-0.05373708988539526,0.4676319660151298,0.215623135906831,0.3708067339534761,-0.005594477783445615,-0.027755203608395243,-0.04966183915207227,0.19158353078270768,0.3891484777694464,-0.023728808010165144,0.13503146886971226,0.10402532280998074,0.08991264016065684,0.11342378178245187,0.019366699909710627,0.01630297634963514,0.17500474490152954,0.0712823885778658,0.04855264870266628,-0.04761295673221103
ragi,0.024675848562570584,-0.10125438322745739,-0.045352931410291085,-0.017094415906385753,-0.022163850627503083,-0.12303435107770515,-0.0528606879062189,-0.06339607808636862,-0.1213665110611204,-0.006708579396264427,-0.0022254030368863264,-0.14502192601998468,-0.05960011678666449,-0.03738635956312939,-0.09800576670966224,0.01920046741592083,0.1900176347659743,0.137110456044009,0.223998163098784,0.21074234654411256,0.23042658570429764,0.16399084898192617,0.07130727160118867,0.21315020534692478,0.3983746982010536,-0.04459481120755176,-0.023787096536734123,0.5083954242686156,0.14871594677820832,0.34693536257297464,-0.052855298276391016,0.011982410245462349,-0.1842398594197669,0.044381431224121845,0.4030561285103539,-0.12049761155468683,0.12510618204428545,-0.014839458041544344,0.1357526324901928,-0.03244049982042819,-0.008337421482695975,-0.07657016568612927,0.24558641578513224,-0.053057077108953736,-0.002378339654832098,-0.1344863666531418
unprocessed,0.028146577232339463,-0.03208043507882431,-0.14626451830169332,-0.0047319995884009,-0.04074226085814624,-0.12324637792041628,0.010391787349102222,-0.013684562479757396,0.022723595849769414,0.17697827134353536,-0.018868213440807212,-0.07493448868169579,0.0509014014336277,-0.03569349865066549,0.0020637345736579348,0.18217882523848983,0.25322462838036836,0.2014066240914871,0.21161110274502015,0.09522808684311415,0.1340274579694404,0.48877362749700953,0.12114205332307723,0.09783377884063012,0.31114592470220515,0.07428738864959387,0.19458422904379755,0.4562622531973432,0.18285702014161598,0.2587116508647033,0.10917074792599064,0.1466317684828259,0.0015847848522393577,0.1560813739990276,0.3733173176942062,-0.14190765505300965,0.22195241034066052,0.11315765133477006,0.34606424271119396,0.07636234792867405,-0.004198265937972701,0.01725071526310733,0.11738578196087587,0.02683228857986137,0.08702495035658796,-0.04263764518166312
aestivum,-0.06230198205496084,-0.04381605124751269,-0.1048072136024566,-0.0721732480031289,-0.10915165752329975,-0.12602088046017834,0.004471399143831254,-0.14278153828304976,-0.10175626040438408,-0.07602779771747212,-0.0823502816011856,-0.1537027053547926,0.002947420965609103,-0.09955598590483954,-0.14669319131893646,0.01858285301993199,0.2053591578039015,0.07015429084552482,0.23408980232372872,-0.019130457969739893,0.17379388589963934,0.19267296652676982,-0.006884722538367045,0.05065142725671624,0.17103106139308547,-0.10401570294878353,0.023098446678239886,0.4327783230584801,0.21145665497854782,0.1472690330497818,-0.04479706042487179,-0.09204345415505479,-0.08110106218969189,0.011506649537049354,0.29884407476149466,-0.09247695903647472,0.07411141297020599,0.046066330636783996,0.1833412093341143,0.046572534307578996,-0.0628463244473546,-0.09590426273641414,0.07750714049314804,-0.08619651465269565,-0.017867327194759055,-0.10226011144957077
ale,0.013656486518361191,0.01643577960215709,0.0025819821796648386,-0.11151881736818349,0.09923675097786515,0.03280279758878832,0.05137909716997052,0.06959714673742262,-0.0002657691278299682,0.12373234847703332,0.03886341217477749,0.0028682877557256303,-0.07096825938333168,0.0381976718995097,-0.016914484876958756,0.05264293627956843,0.16018061586472868,0.09683798910098562,0.2169904726340033,0.1754092351221778,0.4296762536017068,0.07313842470070953,0.10370878572388353,0.198511895134512,0.23339858403562427,0.1756652645541573,-0.1648114713051362,0.18172785072282457,0.10027365964998443,0.1754329568054273,0.035346636147952734,-0.0181245520850725,-0.07375070640600824,0.06538644848928199,0.11708777180596178,0.03710040100308814,0.12226156637084254,0.06269038554073493,-0.05992718846426533,0.04218964500740391,-0.016445740828360252,0.061762649389128364,0.1528053324269083,0.08044575194018515,-0.05092907921480925,0.050769736022745954
speyside,0.08343770710514548,-0.014917545129138818,-0.04288302695500353,-0.04780846854215321,-0.01210527777373522,0.0005867130588121645,0.0794841303449987,0.06376483110991807,0.12806446050977888,0.08238538676511506,-0.07285401253153735,0.00610303346680177,0.07163181466289885,-0.010783294909442432,0.01919711274778757,0.11392655706016945,0.09709578169453176,0.008092242360328234,0.04015743341727011,0.046186671129086664,0.4369558100805033,0.06682959115736423,0.07157648092517105,0.08062638372937271,0.07634678779812289,0.09012980659307848,0.03422799504469791,0.0833669128692204,0.018644080720537505,0.12693134869642572,-0.008631480573271889,-0.06099200797999158,0.07482551708395872,-0.0068143264916080155,-0.017352888995387707,0.06083480327244004,0.03531114397229036,0.08922562808102594,0.038582260115459364,-0.013896224389086546,-0.024097904492301106,0.0934088915014859,0.06706603473857874,0.05477995066006939,0.009502448418303862,-0.027309835159940527
whiskey,0.0023847204907009208,-0.01071208425582508,0.01891626160576244,-0.12334440163118308,0.13061927428139497,0.036087649721130335,0.009169759190054265,0.12309674597221747,0.09852369302683217,0.14208549584755786,0.05092518899546097,0.0534348641348071,-0.0038092277063959596,0.12340970173651067,0.016586686369046855,0.13191998610167743,0.20373573019095645,0.1439470958623665,0.26375478350038173,0.2832497778759416,0.6440540284140596,0.17909800230141637,0.12497774956504548,0.25875257508299776,0.3791589102956214,0.23087756222513464,-0.11164853945544614,0.2852099004109735,0.10694607288296978,0.29427044882187275,0.07389082053625282,0.0832796231873107,0.048837288093924555,0.0672238201799625,0.03770169481477235,0.1359204964923365,0.14515212240044328,0.0736607325261689,-0.09822357153100202,0.025224009472302245,0.1001916494887646,0.08530147482012132,0.22274848994970092,0.10501614604464761,0.05156097394151219,0.05108085080399259
vodka,0.028296426150604792,-0.05142615290238827,-0.010114512402144612,-0.05275988904007237,0.14300965200755236,-0.01832138787331973,0.018483239955457708,0.1428632265265144,0.07114589267937281,0.0851448980356779,0.0018061387991173325,0.04905484854121005,-0.0007592181506023005,0.13990931609521762,0.030781768422870046,0.17412833080765386,0.1657433068172746,0.20682750435115863,0.2418371817036995,0.29033613576089484,0.477994222322579,0.06570642066745133,0.12230190733939617,0.2273804328188499,0.31148695670300386,0.19205284375777293,0.010527065861633997,0.1492200256197537,0.13911247217400236,0.27879876438710627,0.10036109478588696,0.08575721962238377,0.02972823055319363,0.13214160074236567,0.09268397020910711,0.07111448463735666,0.13732930111029007,0.10960524600450597,-0.0639610061406321,0.07229834785701242,0.10302973365365353,0.10999631396489497,0.1799301284106183,0.11725608768437877,0.039247982754583244,0.028167841910727454
auchentoshan,0.037358123378133413,0.04551823878024684,-0.042585684208866464,-0.0237838397968476,0.11844791106540345,0.057883102368898084,0.12057245276709706,0.13759453741773314,0.12158210317204411,0.14441497434759717,0.006341610449459447,0.04485993005096759,0.08255715467869243,0.0631548457094203,0.05764421802013843,0.13789849446708546,0.15667552260470863,0.023473735051929016,0.12605093478158705,0.0825607394492302,0.4455502906911232,0.04970745753086367,0.08843112106553327,0.1612047302958272,0.11238699617178863,0.05515713093119423,-0.0209446349735312,0.10272127055622117,0.08396424338542015,0.18547267769512982,0.09145880665097797,0.009010458055081877,0.051828640857781424,-0.00985721737014018,0.041217909906886,0.03581879142242205,0.09500510431841154,0.1781935196425704,0.020686518995771157,0.09975856412944036,0.031798592274456715,0.09986755167750817,0.17336462212899822,0.14479216757993077,0.04520892143594675,0.05799489221879849
tonne,-0.1339120010852163,-0.03430578306559168,-0.12713805576140166,-0.16074958367369752,-0.12535356118781885,-0.22934348826720977,-0.07731941454024141,-0.09844698781040945,-0.0948290368015046,-0.10575308821704857,-0.10228971377325727,-0.17448155991312492,-0.057505152407192735,-0.14199103739590196,-0.13215892261523676,0.046942329701042514,0.11766043573356358,0.020744937919891675,0.04135137303704554,0.011614300959282453,0.1779515823535244,0.3200961783713741,-0.022064415627809957,0.050832893697825995,0.1789172815534296,-0.028099219616784066,0.10545559366192961,0.42129843960818025,0.14736992365261026,0.09327939991457745,-0.11583162958990355,-0.053687405443973,-0.08482204516339224,0.06731424478071005,0.12094766725568076,-0.0593856123811947,-0.013494710109871454,0.08194676338308352,0.0687521087041292,0.06694826260444017,-0.18310322361869555,-0.1044229672836002,-0.06437320842115027,-0.055329275930838716,0.0006710966478728306,-0.07752458909687066
triticum,-0.06898599586893016,-0.08240394352358223,-0.1255901756939475,-0.06635113639681497,-0.13960137306889853,-0.1518716609353023,-0.02229585988221217,-0.1406509240016875,-0.1108112969783732,-0.054040647258299386,-0.12873850414956808,-0.20612768130948966,-0.011854103079071155,-0.10330084145626675,-0.14359554230491658,0.0038082209955373385,0.2267985893979198,0.028456063979594368,0.21816644915557873,0.011511238856818798,0.19863683765013124,0.17794957896472052,-0.020832026246444032,0.05805223085902121,0.19060701165325505,-0.1394163032222402,0.03632287183937414,0.50540026002728,0.2392579730748036,0.18294030049423757,-0.07141213527256564,-0.09388750514794508,-0.0771571970295367,0.021233758725556516,0.294438877805102,-0.09421636475331119,0.06396451427895175,0.030098374497632994,0.1822972975018739,0.0409101049172002,-0.07463302348754018,-0.13024711742851539,0.03747230823484455,-0.07212119687144417,-0.01085537604029572,-0.1610906996596859
rum,0.028232079926390603,-0.01326905672042943,0.007214694377564398,-0.07234624657135383,0.09645385532474081,-0.06292992551493261,-0.043861940580982604,0.06595758838635778,0.009426094678507635,0.07497879545802717,0.03483834212851815,0.004562888447666268,-0.022366292104216992,0.11170115120625351,-0.015231461052335573,0.044714358451932223,0.11486717863130667,0.13343430863000413,0.1871503523511007,0.24179201729532368,0.4287169346902714,0.057849550935335045,0.09732084906168571,0.2259406057080696,0.3368712354699571,0.1159313842076624,-0.12246119584559897,0.12810946502808065,0.1125796488496312,0.30642200494337624,0.006503637392534462,-0.0731654047229134,-0.042912325371265575,0.076319217923254,0.0494191101385767,0.08622114943350061,0.09821803032879257,0.006071842016415806,-0.12003068432997695,-0.005790011225117747,0.06294842985503488,0.03200911905165573,0.17146604838046475,0.028014248459209228,-0.0057735873869625455,0.011326327480322923
vermouth,0.01704784622413136,-0.009163558881542152,-0.044398468685479656,-0.05689341991108516,0.12161527566638104,-0.018497742027329636,0.03175061555251091,0.1723996491911527,-0.02207506215638606,0.10893651695731939,0.055103847663337015,-0.006085032483313746,0.016478723617301218,0.03908335285994877,-0.04406766219834463,0.1723685065075794,0.3128019801780677,0.19581010626373105,0.3649225084892652,0.27710853225279136,0.4428433225178045,0.11749227336528578,0.22471275348557174,0.33134759063275393,0.33249502368441036,0.17460344598708885,-0.0890923098884713,0.16291282447568894,0.22144264488934165,0.3470123755649188,0.11816698035635714,0.13237351459312566,-0.022036945244380386,0.07857960942551041,0.074528050654712,-0.024973521086935426,0.18583082398990328,0.1885047392432673,-0.03590630114622676,0.16262645268682618,-0.005888202597307798,0.11253172579802306,0.26550874685752357,0.13957949672008865,0.05684658199900806,0.026573090537867532
maltodextrin,0.01535271479129265,-0.10380221521553987,-0.1543954385221941,-0.12380060983692621,-0.09035441761238265,-0.12049891789454141,-0.08758566025037123,-0.04193516203967167,-0.08806723866160635,0.0540013727635629,-0.06286333073660294,-0.15462925748379058,-0.09084222275196567,-0.0879344259136297,-0.1312489248385505,0.1279222850961751,0.3013289812272984,0.1492356940424485,0.331411664738035,0.2825958274837935,0.23051560546667138,0.2073750365849072,0.19915715509966753,0.12263929215040334,0.4785480523681588,-0.009222096711899969,0.02616720924859622,0.4561744150671789,0.14460055283698003,0.4537549746381492,-0.007162695737104188,0.013808187581194058,-0.13532208552412509,0.09812412336109261,0.4226580231747434,-0.17935494017720968,0.1843247426296047,-0.01341844864513499,0.20294278322223577,0.05525895871053077,-0.09712413934820915,-0.0816335998787721,0.171531425004811,-0.047195076854622854,0.002040360870852288,-0.14678409907871548
laphroaig,0.03008000328022583,-0.007930473613317123,-0.04700456092562695,-0.0775184902117779,0.059082866160793834,-0.027497737388132982,0.02602267304473495,0.017495567080486617,0.054132508887262044,0.09038236457657678,-0.019617867852437854,0.03125768627058409,-0.023488664184101275,0.03179828885523871,0.04422912658790995,0.07443154955053025,0.182842473485674,0.06777810149057256,0.16358528008672293,0.19519759473293033,0.4963202454457558,0.08618705983237387,0.05766291498916661,0.11558934823070051,0.21184928537675696,0.09381270665469225,-0.08769645054850206,0.1444072149996452,0.1325899636257691,0.24929691560958578,0.001780715523069485,-0.044350288134290754,-0.05891827847546528,0.011714679857006081,0.0205950382524978,0.0402075299313679,0.05653925742211293,0.10317809930412054,-0.035386887205088174,0.017207966021071858,-0.0030318755371205558,-0.0031589028039865855,0.12958362083354272,-0.00020117821317099563,0.015277255236980135,0.005242985829496295
