word,dim_dg_Relaxed,dim_dg_Confident,dim_dg_Welcoming,dim_dg_Social,dim_dg_Playful,dim_dg_Street-Smart,dim_dg_Progressive,dim_dg_Stylish,dim_dg_Inspiring,dim_dg_Authentic,dim_dg_Friendly,dim_dg_Bold,dim_dg_Inclusive,dim_dg_Fun,dim_dg_Passionate,dim_dg_Refined,dim_dg_pungent,dim_dg_bland,dim_dg_bitter,dim_dg_caramellic,dim_dg_malt,dim_dg_raw,dim_dg_smooth,dim_dg_spicy,dim_dg_sweet,dim_dg_smoky,"dim_dg_fullness, complexity",dim_dg_grain,dim_dg_matured,"dim_dg_vanilla, confectionery",dim_nf_appealing,dim_nf_expensive,dim_nf_fascination,dim_nf_fresh,dim_nf_healthy_positive,dim_nf_winner,dim_nf_mild,dim_nf_modern,dim_nf_natural,dim_nf_new,dim_nf_pleasant,dim_nf_attractive,dim_nf_Tasty,dim_nf_trendy,dim_nf_valuable,dim_nf_warm,dim_dg_flavour,dim_dg_brand
easy,0.31420344152198687,0.22120979339088792,0.04751771736326145,0.03783919288148715,0.21882596680888677,0.24183096723284087,0.1962519789427249,0.22376125530048824,0.20495484916695403,0.31761182347908506,0.3066041183753698,0.16805035459435905,0.08642679930925985,0.22375178014592528,0.16838158955820376,0.2405851535613374,0.08137715050563409,0.18608348917241255,0.13795632594121326,-0.007128700090785065,-0.01126296674068622,0.23816265220809288,0.5567341530076355,0.06928655012988028,0.13007566015209654,0.04874762305960252,0.034812760592377125,0.08724347022095494,0.19145193079201378,-0.019815007280378716,0.3609448220798291,0.23436445260747274,0.07891252940072914,0.19979703469463733,0.20665566372093477,-0.029324325282303113,0.330054511559267,0.23657666244206638,0.21547599687588317,0.16474987824862175,0.2198063899156418,0.23550522394004766,0.27208679329607616,0.23488027558227279,0.2001952569563446,0.24587310325021636,0.3296428147331656,0.2881766909749398
edge,0.13692389669773342,0.04128772494018871,-0.04920064650942701,-0.10151991859854187,0.056872265535136995,0.12478502358538168,0.13352725488347583,0.1853356599726093,0.08351735216481351,0.05189922847788536,0.035869252079739476,0.10680744205025358,0.033497189341793104,0.06611447749907451,-0.01487145998492135,0.2105487802720458,0.20795252319709645,0.1352621150734591,0.08899734132323761,0.06868345103058465,-0.004136243986986986,0.21076598703085303,0.27641813190636444,0.10614404978861854,0.03634450465625758,0.139545640984006,0.08284529284815538,0.1142997798013471,0.027512363472275377,-0.015398643766963673,0.10734250511902724,0.0313660143397115,0.08863539072086501,0.1530219198661499,-0.006725846831040417,0.0700084713690612,0.20308513690519867,0.11691523129070576,-0.01901369610463877,0.08238348044059798,0.0009285811221960318,0.17716822632513482,-0.014547072188993553,0.10479394534483243,0.08091665889581233,0.1600991232024312,0.14883486264976892,0.09880797007189454
sharp,0.11502003674618523,0.16773330351924462,0.017420302157956185,-0.04206882011129747,0.1729544348571982,0.2075451534146581,0.1920997876463852,0.1908700570822308,0.11131032171976152,0.07706959865760395,0.1915826117099188,0.2098516858909623,0.09975043091032464,0.05468574246329644,0.08246211335626974,0.2741907869358364,0.5335335589870905,0.32258901122179984,0.35679052662010047,0.11713048482026224,-0.01707348954716739,0.3230825073758049,0.369277447826607,0.2701068916621313,0.16403386360830283,0.1555043304684144,0.16085625180121635,0.1943356024760118,0.14183196541723986,0.041017494772215175,0.23759533448785494,0.13853759257549184,0.13460170288389192,0.29195325771070263,0.09235219829100061,-0.007317082770379346,0.32529663995102,0.26007653220032495,0.035324670983561235,0.19429776566272108,0.049080224344347244,0.22357932017982046,0.12549768538749811,0.1960684419537117,0.10862823488266608,0.2889419509863551,0.24245024421628592,0.16965052385240162
orderly,0.29397366875380065,0.243277217289205,0.21604034617951465,0.13497741266020946,0.1518564556246116,0.12078929984795672,0.16974424947334885,0.22067889285594072,0.01906580255373364,0.1282698123580564,0.33832146601382956,0.18202539948726476,0.1925418738379401,0.03436738715692665,0.13947107406609052,0.17656650139181757,-0.00038778329778104315,0.046447205541532886,0.003037436798619727,-0.06240665328675696,-0.06768798985507139,0.046318998489391076,0.2763434384244977,-0.07781966876499076,-0.015215316417023228,0.04696734337987818,0.04189493544465986,-0.0975868529785493,0.03231904744334292,-0.021243307753831285,0.13039838717763774,0.04212377754785758,-0.03258655223564186,0.09753394036032192,0.009918934806659984,-0.037783610801843885,0.1981883013406504,0.08738450044584985,0.13173294983937991,0.026986059410877727,0.07173752692213917,0.16928409646590475,0.06590103675527177,0.153295801166469,0.04592863952690367,0.1783737417151825,0.026639613120933818,0.134222708051883
attractive,0.30491008806979386,0.38706364182846154,0.20486310259086984,0.020091524871635732,0.3849231718376552,0.3646957860418952,0.31754096567038015,0.5237825105989999,0.40974899586217517,0.42785647677827443,0.4154001273687394,0.2565414851230618,0.2808938713968847,0.2673619530727514,0.3387648225797266,0.4976990230499136,0.16979136064107314,0.29066829608951683,0.13434738439831545,-0.0006214345498930804,0.023619198725904608,0.21853251503033097,0.436819443065705,0.2284923931494661,0.09394015467616479,0.17883347476145217,0.13559418113571908,0.07072738286646149,0.2267547925785983,0.008025494674852614,0.524683692471844,0.4425728610738439,0.21642935342446507,0.13937828802253432,0.25110039151797736,0.04218668581212836,0.4135805131113393,0.38246824657411255,0.3062137503787753,0.2928621594103368,0.1748224461683326,0.588404073831579,0.37847420091509676,0.5113309909810223,0.32032666792338615,0.39970051402853213,0.40113304537269745,0.15955178452711175
texture,0.2365971953025775,0.15515079271347132,0.026959069752349813,0.0035199921859282706,0.2346632065676872,0.029115019190849977,0.288275368175736,0.3884166616458525,0.2849565781828325,0.38890381102166066,0.15483122896952473,0.08924618741325277,0.11894794427810004,0.15001055488021262,0.09761976514003226,0.5270358890816506,0.3374888891890973,0.3238658499092599,0.28467427233635517,0.29146619105814353,0.16297566784733783,0.43587388339439154,0.6177567975069286,0.2933334933727365,0.2905772274611189,0.3038003967940224,0.202742795336614,0.3429635874002991,0.19339105884768037,0.25154975656631046,0.3885525647413042,0.09557147666042996,0.1636005114398494,0.3004288835847548,0.28181362009845806,0.006908167372504207,0.5357788265253728,0.3096848238616801,0.2296143717244979,0.3349978076554703,0.09838537018050586,0.4627251699479445,0.34181619436204275,0.2863890848293791,0.2232995153509077,0.1577894095918295,0.5909823976659703,0.04021194913904658
straightforward,0.1961280714875055,0.3738049122145019,0.17574013360858032,0.04220391851835895,0.2888544467853885,0.32243163058999985,0.21424264173423435,0.24022228291328743,0.19831399448115,0.36351734000093794,0.41646317529885124,0.3398800931134161,0.30024603142151157,0.1413404960627365,0.24602615782067686,0.29617368658274723,0.14594585188297823,0.27264421571565445,0.1560872753509719,-0.008114707526433807,-0.0011449439289232684,0.2067018554724466,0.376567526388132,0.09675191787162972,0.05510414482500202,0.020310892120256135,0.0924801148448928,-0.022798683608870902,0.07637160555631181,-0.0135938708069389,0.35600038151106095,0.24005732263944712,0.058928292642458587,-0.0007129478569028642,0.02612914425940963,0.0004738991705944696,0.20872219123915173,0.20556959877836556,0.13508716913251959,0.15176658280360542,0.11321159342296212,0.29533003269867664,0.2727894949901645,0.18828366441691424,0.018701605871224467,0.38111164427137395,0.2965270855559374,0.1696164982793569
glossy,0.10913580261520324,0.05345772689442276,0.05985598605165935,-0.14358115396294727,0.21600644617544582,0.09274250579447134,0.11046330506044229,0.4699966432704621,0.15050709230557566,0.18902376083262978,0.15946887813194593,0.0834085696096743,0.052255708049088974,0.13480326615376662,0.09462907886007582,0.40404052017438374,0.21213883965399935,0.31045243085634616,0.17596520200459717,0.23370565370561286,0.13894524060536032,0.17344307377477836,0.4695895103872595,0.23304385165212144,0.2400044052841581,0.3222546021032258,0.02269551274972592,0.15061816932224786,0.16888093741429042,0.19180584899483477,0.21986818835484825,0.20864012072195615,0.10734541564882026,0.18057872079076043,0.15492003746086805,0.049788511564311785,0.3558915299483447,0.19515207212261285,0.06688099335613831,0.20303411423566298,0.04873846520007155,0.4498775440713614,0.25209729378645324,0.3228523464827493,0.14018463791061714,0.1257853613641179,0.33064581242852814,0.08413363793131333
bumpy,0.1640196243734657,0.22352845133908658,9.962102813279933e-05,-0.09570631027462755,0.17450425021193244,0.11985788808457642,0.06621547460408317,0.09202904067873435,0.07731169023114336,0.029883065566073265,0.12725717908668724,0.1951118680789394,0.002420588226402854,0.22069317108510636,0.1059502307122778,0.020387690552190155,0.08109502037226829,0.2998659791104093,0.17517720634741768,0.06289610986196782,-0.06313724870492403,0.1365885887864023,0.31153691286533963,0.19011263716382906,0.06084749289458277,0.19343696491068474,-0.008466777470899264,0.04322928920836029,0.1553122232615248,-0.021356249710221258,0.1283715476087115,0.1289885447504909,0.05496832701828142,0.21443405616863317,0.015944319750014462,-0.0038435581933891727,0.11036142714456859,0.0677953018612101,0.006894608646036702,0.14098787566613472,0.06821954478011877,0.10203031328137414,0.1841804936424615,0.10361786070188515,0.10142460108944805,0.23535776032315794,0.10809104654370526,0.12650190719392795
slow,0.17416349622849342,0.20916041177097344,-0.02522045969300203,-0.008086210598134132,0.08185083164350337,0.037708982872972335,0.1569166765578181,0.02034251352697683,-0.011126716743868925,0.005951363247837918,0.15760744017495149,0.07857005528438804,0.00894898956844739,0.06298188058967896,0.030215237063880653,0.0447167143471672,0.19319829913040062,0.32704657835328066,0.1469563781227103,0.07378535329484975,-0.02273708057981263,0.2063951338953839,0.2671691437544452,0.14208478500437824,0.1074403455753806,0.10593769083894039,0.09310357822304154,0.1467572254666897,0.16827046745472937,-0.002198732854310329,0.15031876427491,0.14939047431331096,0.03892898484880997,0.21168077033746124,0.05583799995885292,-0.09293254465826492,0.19755065805425093,0.12357525265870568,0.10321606319481383,0.07682248440727,0.006490698620504101,0.017473665420636372,0.08859298210576508,0.07794764772732353,0.047132806805358654,0.22545675390701947,0.13940840771247395,0.12855694819291408
blunt,0.09230744696697485,0.18040355641786623,0.044708834222711026,-0.03606452585641502,0.18708295083637094,0.19995427037599983,0.11029737978795126,0.151336953849531,0.10244768544814381,0.11530865393259387,0.14878891819221318,0.2742119607101858,0.12162801682725294,0.06386927027436423,0.09734500766880952,0.17073162505821762,0.24554414069729327,0.2682609544687603,0.2512807689955328,0.012591711640079585,-0.018489734409511665,0.20252843100539353,0.17330914655113647,0.17010422942314007,0.0021322485622055874,0.0742845574990263,-0.03259636096306662,0.007202992179013685,0.05852852086021203,-0.09295089234578703,0.18775480554786828,0.16897653168466362,0.07134785198603401,0.004001906841809637,-0.015839397054062572,0.08294961702776682,0.1730609912729492,0.11903604911933771,0.026485964988017856,0.09882684616671754,0.13218376343550134,0.19666185247059076,0.135212446456457,0.15503705128131143,0.0006420906740626847,0.27750383376753524,0.12654501749921068,0.049407301615828216
slightly,0.10274776020878741,0.2590427293665316,-0.013232109717197156,-0.07224692229652999,0.13083380570722694,-0.019419335155398548,0.1118956127715868,0.18761622683939225,-0.058365446494496175,0.020839214219841307,0.17317776674519314,0.05075184062826275,0.06786291295333814,0.019591229445388395,-0.033274713875708,0.2087625678572065,0.34199865825365655,0.36801124495533744,0.31282650057389894,0.2492149181082069,0.03742628631423929,0.2904093001219122,0.42759922735996553,0.24980408544051405,0.24878169855643073,0.24478894385434502,0.16981731979822554,0.27740779271049393,0.18378520361380768,0.11062697232626884,0.2637361867310095,0.16931195581487346,0.049871183143893535,0.2145331425506225,0.06565957530273818,-0.06395146049511183,0.32917387312838897,0.20967371495093617,-0.012313380895910709,0.21389778341093338,-0.01706076778933816,0.15854831247836665,0.11896204826903704,0.20193878187245543,0.09628869310840285,0.28806166896345187,0.2976485595679659,0.10080523330184007
gently,0.3634808991030999,0.07644104364933568,0.18630100535718802,0.010932479326708993,0.15219026368842087,-0.0074407128489886905,0.024197891961837036,0.11909423370290974,0.05149291629775886,0.025583604718016194,0.20754579351317215,0.0844120874502693,-0.09164920562932188,0.1345716263449472,0.03829576616955612,0.12723817730506778,0.24441189824897847,0.15926362862675802,0.2523168129347728,0.1870030798436901,0.04148830894956623,0.19217656354124898,0.46615421352234704,0.20998945249642684,0.2612178032712102,0.08275797016757912,0.06698150909938713,0.15041859817105774,0.17614539887192762,0.11479866750081379,0.20366126950420368,-0.09525030113133481,0.0306845732349396,0.374665564885013,0.04136910072419828,-0.06799670567283042,0.3851808980750013,0.08724245790697163,0.048773953946033004,0.09973573118652863,0.22402455473716434,0.17110947036979807,0.18959178358788514,0.09617696765695888,0.09525800775206428,0.13201195162579582,0.24907226867488938,0.07130792005869847
lightly,0.22441676132027466,0.19038175447071182,0.09092864378395007,-0.0792087901246739,0.06263512665836656,0.05203548865231679,-0.014090139634730962,0.09971704206272804,-0.008965105328877019,0.029397660012479003,0.17080421527868103,0.19353460266173536,0.0013870441055651983,0.06085127334697069,0.051714960381067314,0.12461170940282879,0.25161210876365303,0.23475886192730952,0.2714919613032871,0.20378809801941936,-0.0173447935870284,0.257457576038509,0.4255227716714781,0.2671413958499103,0.23422435873403588,0.15824272820476556,-0.0029714884109811913,0.17477391440808437,0.20035684197768613,0.0641782385335329,0.20386457769824096,0.018201414142010274,-0.06644889670011922,0.26097960144281523,0.0828889135444639,0.03136095638062004,0.3248466671842605,0.07225343349815579,0.024676851335966823,0.05956814934061572,0.13077896667390373,0.15555412147313033,0.16762309903858588,0.058429831041115037,0.10057355286046193,0.19335650682948452,0.2466293865569544,0.06928979430147059
predictable,0.26216756844138966,0.4471855651958504,0.10612967406245767,0.0552813689107412,0.3856235325607213,0.30082650617455037,0.3389210644223286,0.27832962175638826,0.22997825374990002,0.3030280145992677,0.33854487086532353,0.35808730916257714,0.26164020312095604,0.26920392079416594,0.26501883221374906,0.33624895979823105,0.14979467799702206,0.46483747322587604,0.1839783172574559,-0.00131790946230538,-0.05650696500014192,0.25294792616019457,0.37435499940696987,0.19959751533952175,0.06417700125245797,0.0866515819617808,0.173344265277697,0.02441221444685785,0.0990720536474912,-0.03627631756233486,0.4035450838978021,0.3525500087799989,0.13344313232817256,0.16412372516698387,0.08648051162836393,0.001894536725344183,0.25078511070902865,0.31011096626725954,0.2389701133387361,0.22376612171043944,0.1485595256283944,0.3129291134184531,0.30939388712386284,0.2897649996876973,0.11252948648350922,0.4864522800668579,0.2731300320258927,0.13031949527051886
ensure,0.2787973437288943,0.3454420816065702,0.07947654653435314,0.24905477538263096,-0.028224969573408972,0.044933990690279195,0.1370983334833287,0.06076693744026979,0.02504923620867402,0.18201482606050573,0.17569356718195056,0.08425861982038688,0.3365931056758912,0.023290500891038953,0.06591876988502521,0.1791060730703022,-0.04485852940121951,-0.01627582199143515,-0.016675210271909345,-0.08498665560033097,-0.0532718839027342,0.13394429774375072,0.23799040414223543,-0.11212991764026582,0.0003854550431417713,-0.08196482605632761,0.16422528650776813,0.0474352654956666,0.06984929497015399,-0.07087400791533592,0.23086969184044978,0.03238294570945616,-0.08804222742176866,0.1802521605234107,0.1817319640054958,-0.030414804786025745,0.29223923716467454,0.16445418097297226,0.3855433851728541,0.09821115935035961,0.09125043052586239,0.09843986948261679,0.11984840109879416,0.16351594165959704,0.17598942854853628,0.11287914195695739,0.10272405730558534,0.028331241088349435
albeit,0.21602686702394502,0.36890302689370175,0.15274314468015773,0.044548959470483714,0.3005739498160373,0.21287067371590007,0.25588262066098333,0.25764851822846613,0.11480848611164718,0.19539826307815525,0.2817321913030475,0.29576418642847246,0.17454452851815316,0.21167886087614177,0.1433741621500306,0.26360943845576545,0.14369477462695246,0.4276506831137512,0.23311250617480941,0.10414474063913244,-0.01864234649361143,0.2180681974621427,0.33075394949719394,0.1991980143327501,0.11095048009099523,0.20119728497090658,0.13620443934141846,0.0763144957442141,0.1446427511015803,0.00721772802991799,0.3494490764860644,0.34498846884863493,0.1753117865638821,0.13468186699560353,-0.009300413080320548,-0.01404560962162786,0.25419536577876645,0.2655671589825959,0.06793978313065822,0.17342816914255288,0.1094359456812592,0.2604084932348028,0.21021143875648945,0.24728337022742874,0.12397280329147145,0.3938325051815191,0.2526766492363442,0.08499959184335926
transition,0.23590169462535057,0.33045427312214143,0.11636569005540505,0.13634108267548528,0.09781125664533373,0.04506053074995719,0.3580786186140272,0.10435854653480045,0.10616761935339072,0.11275878306426576,0.15050899646318291,0.1425392927431612,0.2520340076686678,0.06377134037556483,0.16116062103756018,0.14370750064691956,-0.015173349089977094,-0.005872892890755494,0.02877619719130617,-0.044845945580218136,-0.013562556655470986,0.15749609653645869,0.2797652851104997,-0.03687639070189784,-0.03836575481442913,-0.04190834453722157,0.20247278542901323,-0.012381453174484044,0.07401900753023548,-0.06735292606379496,0.22592585157238326,-0.05113257275412026,0.04548082785943266,0.19125254016785415,0.08330779500224957,-0.0355342022775639,0.194929140442547,0.2802278051477191,0.21264266435370496,0.25554046128638386,0.07563534891529565,0.09071845073308996,0.04665379357258194,0.1523552218249068,0.10623385727770299,0.15931339116658838,0.14541922989416153,0.04719232069800799
transparent,0.10905415394692489,0.2163584996446938,0.08352621283885514,0.102475173900123,0.06051256230177387,0.11592921529341998,0.246007049330709,0.15061262589918756,0.0794574406387344,0.2680967799489927,0.18099065552776197,0.1375369824932236,0.36115363011264723,-0.018804276962219334,0.09936272758896783,0.3128878555565696,0.09190316333077095,0.10866556427772557,0.10198180716762519,0.08927689386544117,0.02380078292173936,0.1913282804573647,0.3299529046514379,-0.010164766203066942,0.07093029591708538,0.08952639189959644,0.1661739916057515,0.09785081016650105,0.09144303656684812,0.0055408193641104395,0.2335401962890883,0.10246049225710449,-0.0784916685394368,0.1655937804109004,0.1005845158698683,-0.037534857432488036,0.30296692362749195,0.1392831147283787,0.2871156656451792,0.15491627417573622,-0.014930356238110913,0.19630394995849287,0.06198056097246269,0.111294285602722,-0.015263857497430667,0.12032985073237469,0.1868120222906535,0.12709328786622145
crisp,0.24493414590170753,0.1459159350090294,0.12707273252008963,-0.0713430017751459,0.23571867903264063,0.04411950637371961,0.1516537685418734,0.3236356651138744,0.10507442605449335,0.14433267534536479,0.25237735982936516,0.1762318308677408,-0.005984716940479437,0.13793904658230594,0.10621506661087798,0.3435804691875712,0.3597878162723497,0.38405637264425063,0.37140379630892345,0.3714232380138132,0.1851906333773045,0.24227550384950264,0.5552495060599003,0.4119511962085559,0.3756226443057433,0.39630981600740817,0.014763114230478408,0.2856905281058802,0.3232437251793974,0.21462664537542492,0.22504448633973015,0.03983037901325157,-0.029141788740138147,0.3640013382208979,0.27588839053005776,0.01225324461259309,0.4027133204563833,0.23242061963706534,0.019184650862059335,0.2732662543383592,0.11237766004445286,0.3673139586194391,0.3773572618879862,0.16956444704957346,0.05450629272926312,0.2213618580933541,0.5129722950447597,0.09603628341899792
perfectly,0.3488453652437194,0.3476823811957509,0.13136071186206014,0.04371276518094265,0.3385709515132292,0.26226993013441263,0.2866287270126395,0.44006813001415884,0.3258297626573047,0.3556906961275908,0.3490347688146563,0.2805843263641969,0.11681439280971963,0.22916298630171503,0.25614320391823125,0.4915929806343106,0.19433878955313355,0.2797180370435746,0.17877396858349037,0.1073722113551422,0.09729626161091866,0.26427473149009634,0.547118872355326,0.21183998851507727,0.12304791917740897,0.14607046062392606,0.1793817448882599,0.06759413558845011,0.13483821885954314,0.0004901695213850358,0.5279637988898318,0.15676289303135085,0.11457936669534637,0.2475821501544748,0.1576209249745185,0.11066762160864084,0.43766213893255457,0.34080577320861843,0.15875473501827,0.25722616239662416,0.3127477590353244,0.5334436592382803,0.4126779388541595,0.38927699628033713,0.2509008809464627,0.34576486938520873,0.48051111675181624,0.10416891288606658
quickly,0.23889406355653753,0.30689439259056395,0.07816368368796991,0.04738773622184548,0.12806594024333043,0.21686831829731248,0.1118080396926564,0.049335802567470166,0.11462355947353792,0.09328704099141519,0.25691450989027176,0.1655078465079363,0.009608743154593662,0.14458440482676407,0.12033295600609412,0.10028169161522442,0.1625813506186444,0.1865183353412984,0.15531303041706063,0.027287842411399844,-0.1412216741877694,0.1607691508614334,0.3340270010444522,0.14653579147156362,0.10663219576301174,0.039735668576266835,0.0656777519002303,0.09161119753538426,0.15184589768416182,-0.05079683012364154,0.3278837882866924,0.08030075182798864,0.08123844096646402,0.38490139484811836,0.04078897735319647,-0.04146722985209382,0.29397057272139904,0.1754827892796412,0.09175263351017066,0.20031332814649824,0.14816110380041572,0.06809795864821036,0.13520981671446086,0.1362360831962877,0.10297560705236729,0.32010649388859064,0.13762990808622885,0.1310239410652965
wit,0.16172701903555647,0.16341619639848834,0.20362675180826395,-0.026213659024812347,0.484119640215829,0.4632166517488852,0.11192950203344193,0.2485534736080935,0.2931253300783882,0.20575927765113472,0.31863354943811534,0.34094632311335993,-0.02273081659365338,0.3597608066792723,0.3289574569371512,0.24573132499851058,0.2372479043794675,0.34690266488143073,0.21159711345667376,0.05226462646695788,0.07575099384725774,0.10779434021982726,0.23770836862003447,0.1980550107872533,0.10060929561730435,0.13706000370244764,-0.007192835785070787,0.021168856740828326,0.06784862792798596,-0.021440849635849794,0.2727140326538476,0.07581670679553909,0.19196907949754866,0.08285627003809622,0.04068153715758258,0.14135695452260208,0.18971239845699173,0.11453877000848435,-0.022510705985826433,0.05145290189754052,0.29794345911332454,0.28598182737878913,0.2757858085105967,0.11210621824199432,0.1578660672831111,0.318144558608954,0.2915480576765363,0.12149870278802331
thin,0.08129590143415061,0.07123920285423407,-0.06959951936493473,-0.120959878473978,0.05890284573612181,0.03612318126529934,0.14543733011013601,0.15598490750253668,0.06254351683287436,0.10408500016445725,0.09907542063254277,0.06245361531043751,0.041535093676011485,0.0049486824419297665,0.03195092827266136,0.22618586676983535,0.2655828486164558,0.3213090901971086,0.268224129685594,0.14050714133828485,-0.023428469162586753,0.2718274324286014,0.43170092424833406,0.22278858067838891,0.19184352635097052,0.2234080498971855,0.029532624774352107,0.2248039852364739,0.15890415603867764,0.045631470371144046,0.19197929564728236,0.09014081704293987,0.08430192608306954,0.2814257569583568,0.18971246857119453,-0.02873669799515867,0.3723889731134969,0.18055890405869027,0.08546059749254854,0.12636651588686398,0.05561206324910586,0.16419646086769,0.1015233262992151,0.15708298400086074,0.009171772424543612,0.16731540696750438,0.2655948194768472,0.19709935461138756
lightweight,0.11497044858599849,0.12337596441733126,-0.018379571885703216,-0.1063039684948489,0.13383314159932863,0.11517977698071599,0.24035489656565343,0.3683480663197063,0.08005041111184139,0.21251819969929778,0.17065661546616948,0.1537700559881192,0.09899304787036167,0.08261764777688975,0.1360007864784591,0.3400933170014169,0.12844223942321337,0.09887892407116732,0.059038931020876394,-0.014117780386070271,0.05909493020910257,0.21794513289973336,0.4741569953583856,0.10284560741233391,0.02018366195479169,0.1067815841249115,-0.09297616446231854,0.12513298115599783,0.012087029589346612,0.005328587620684805,0.1553617453388402,0.16288593540142413,-0.09450181312464391,0.19141992334854974,0.17903500338256562,0.12395681983909276,0.3395576986662155,0.13768278898758127,0.24415752639093152,0.21073436715280622,-0.025807987717038856,0.25782318146373684,0.0996361176443469,0.3267906305178182,0.16045956177930273,0.1842527379329252,0.23400854650491057,0.09548142078403894
neat,0.2850947807973634,0.1833977409691055,0.1570828605343857,0.005860819694033067,0.3847020140157906,0.24508485184096104,0.14431832213557075,0.4014534772974699,0.2281289734384562,0.2867908635250657,0.48969861929758035,0.17287094887003546,0.05060367263380789,0.2804892826649013,0.22769636644969138,0.3253399131522432,0.20196681425886068,0.3452233048151206,0.0958782513172295,0.07774631940959402,-0.00783601134780437,0.18842892981778975,0.43937411064295523,0.15979796988031647,0.15662883904186967,0.3025481067923432,-0.012734034600700194,0.07765132404737156,0.09164632167423127,-0.012280044851357653,0.31990626879262424,0.19196352783238196,0.09479702551603186,0.16357496974461427,0.1643609572190812,0.029117315187475012,0.2947121039927914,0.19394631403602103,0.11719781051539452,0.14475782859755523,0.1338388772731484,0.4161904445838068,0.3465906503982169,0.24511334443691374,0.08235194428156523,0.28386419975893706,0.321610185116373,0.2172739966425257
seamlessly,0.32049890927110797,0.09938571404717333,0.1368858650408229,0.17649202992901022,0.20516626385665396,0.16249279934666236,0.4168290757973182,0.373752282514637,0.33045184895215124,0.32584655973674326,0.12228957427573554,0.11317424623064096,0.16884741598256678,0.1698740229832528,0.19860817803691533,0.4081767411297546,0.005876734098200069,-0.004204417950155037,-0.07853741391314896,0.0077841988238297475,0.10991034597370784,0.07563735141475966,0.39263121579035876,0.006319404288433207,-0.003232103349949665,0.04473202129879741,0.1868807593390015,-0.05949201707184968,-0.04072652949061874,0.02430359927448065,0.25201951585355825,0.003721026382356688,0.09841060366046492,0.19736391828199223,-0.02738307858642185,-0.014718121392889232,0.19645762512933737,0.28760667639244425,0.15498858583419317,0.16823200788751294,0.09458145328448857,0.3665165471187641,0.19978887116327693,0.24368521257435144,0.13194893932506638,0.12384810906874467,0.271747186059241,0.0861896673831852
effortlessly,0.3964821064415058,0.26092473803088295,0.22762071194519565,0.014570846614607738,0.4499632524592522,0.30920281163491975,0.304969264700924,0.556832335505361,0.38622512506488726,0.35193132920853676,0.3610607702602578,0.36173942670004144,0.027640750878196986,0.35880905811597796,0.37999986245878564,0.4681186367649451,0.1471320407607306,0.26738826700588664,0.029748040872539447,0.05172010018020959,0.07552893635218916,0.16649377998766735,0.5415354733374977,0.20562738948399187,0.10420330863767546,0.15548628702618003,0.13512478094818572,-0.020067810855126357,0.06812317487930315,0.026180770045246916,0.38037989507458364,0.14272359105479906,0.17874536614617104,0.22969728704433584,0.0705944942829261,0.14134980174742034,0.3030226963782026,0.2355682356513007,0.06606131493626706,0.20920200637356684,0.2665307001152654,0.5277033908787926,0.35436594677793243,0.39722598774048,0.2916769018005211,0.34436344588386214,0.3890983447004261,0.20742671970401338
sleek,0.211275805159791,0.13086079429277,0.0797562153133868,-0.08133929491275617,0.2873045685847989,0.22840727945518982,0.3775444637172082,0.7819505283286,0.24280935185197333,0.30612025498510687,0.1941788643148415,0.2112765086915479,0.060767140193974986,0.16165227294198645,0.17508004543848127,0.6069887973480182,0.13931000495516888,0.24781180522839316,0.017483507439314615,0.1253207299955522,0.06993140306335154,0.08664031236521022,0.5488850818761468,0.21610447645125483,0.04572659644799819,0.2882280411682689,0.019845144913922724,-0.015050992098152905,-0.004123724935697466,0.07024684098046656,0.2684141637764675,0.31559783886266646,0.13603799012328974,0.22187028931109887,0.14559199018954436,0.05905929189023616,0.30732214830078736,0.306717295057579,0.058994537252676366,0.32481266648685153,0.03384077781264392,0.5916239769208238,0.24420614884816488,0.558084325793722,0.25069459188399534,0.1610214680711124,0.3338375670551892,0.238647625522679
rough,0.17431983831459277,0.12786451380962166,0.02490677712112463,-0.07527884887377312,0.14068643501254907,0.1006343392172419,0.05715088339205721,0.13609734564038956,0.057377319804852694,0.0903630973451208,0.1865539785769351,0.1943842513546357,-0.022702120562978715,0.12554321684483868,0.09981278655881202,0.1348535285659147,0.19282864744688036,0.297394364589503,0.31717135712761535,0.15751985950566327,0.03653360598953403,0.5573740704033658,0.3901694446633101,0.2078465661416235,0.16373047404537228,0.2635951783653227,-0.045094392042784884,0.22758682628263963,0.15721202565004858,0.028609452294568783,0.16250364961108962,0.12181507537293124,-0.0037965335485057442,0.17867832225922442,-0.002834281606318271,0.018490599269278703,0.27556045043274197,0.07578550286812694,0.04383550368525384,0.0783261876321007,0.12452482296702572,0.14007375483690002,0.12780758144526627,0.0843458752418448,0.08243100086592349,0.26290341807241524,0.203859716883279,0.07023664499581377
effortless,0.47945759995828957,0.3269853709524536,0.2882106156731429,0.03413820036973207,0.4675394942148113,0.3582578855516267,0.2802278538753795,0.586773161933153,0.38646156338594806,0.43894839168294125,0.4355264887343331,0.4012636054030018,0.06750273807854061,0.36427108468039343,0.39864746931420486,0.5194008836492355,0.09403067371227085,0.272652704005314,0.020621939950762714,-0.00445030167556797,0.03834976782795991,0.1275357684658104,0.6036125403509935,0.151747648973154,0.0694737702267933,0.07462938337363684,0.140985693928457,-0.10122045058976774,0.01398819685401547,-0.02029319135663538,0.444717697287738,0.2528564936841561,0.14564851810322163,0.18038277109170062,0.08007895424441072,0.14544306699355997,0.31599954157302407,0.21639578327653486,0.13434548981491387,0.21926680360002235,0.3083164164863346,0.591614357352709,0.46524460157985664,0.4021671557202219,0.3046946695330349,0.37668158183002026,0.3884140452373886,0.14514370517141753
cleverly,0.05906029763526728,0.05119890190984467,0.09573926065358197,0.02705775981955582,0.24764393119803954,0.3251052582492378,0.09607222945889986,0.22425621313507843,0.1921589190770494,0.14666027729837758,0.1428349543217879,0.148962086452631,0.07639212546037877,0.1602217908598951,0.08991230424875517,0.20238089823921535,0.07125450746383598,0.12070893582094283,0.04259320667700223,0.05025742362737566,0.06764621319331077,0.0037271283316906985,0.1261694081774084,0.035042334235536245,0.0792907205552934,0.13317190876652457,0.01651302059500699,0.031054150628922028,-0.025665875742645526,0.0506673485012472,0.13696650152180062,0.15176110300131604,0.061310097110301914,0.039334835311705695,-0.04881724677293774,0.04933056605301014,0.09335665228157095,0.15046274966387893,-0.0011561311783162783,0.10307323272202489,0.07236777808128576,0.28453622934504175,0.17920853627320696,0.12953202664430144,0.05353396888873101,0.17918888087575877,0.2020025183646502,0.11400226037043847
subdue,0.3445631907005469,0.39087577357227715,0.13853555241515492,-0.018804845285805692,0.18740495208446056,0.10147250057742109,0.1450082697952761,0.20763315695840118,0.05944646225232341,0.06578827088894156,0.2722311420102387,0.3079372225500759,0.02913502006080395,0.06375367779098604,0.17046197124971452,0.22158356761292017,0.28160986826416745,0.443952451963993,0.3297960091346748,0.015493719072267736,-0.007243613308247357,0.301423119681258,0.32452817822160157,0.3051149181259383,0.1724603296260943,0.18594807750375403,0.08827021435546134,0.1544414816874391,0.23703870292993906,0.02966526079391608,0.27864176251209677,0.24325055856165012,0.03648625115859615,0.22280677090791629,0.05908214020595038,-0.03507213362367307,0.3021018049697228,0.23974189681156663,0.10020060656059561,0.11070108966448824,0.11118068786728529,0.2223568191074711,0.18753247436109158,0.2057466745141757,0.18331109823161118,0.3861229584820077,0.21559406573764314,0.10793028073927222
subtle,0.3493734760563459,0.3052851860822854,0.2486144210474087,0.1655122363137992,0.4400025943285097,0.2704581358137077,0.4300942379969294,0.4564581550134258,0.39160866583032183,0.430053742007016,0.34130784972600553,0.3555219338058486,0.2564754154039933,0.26293794569099416,0.2876127532224181,0.6031248126114007,0.3727615312074317,0.37959096867398234,0.32457756541912686,0.1719066087744527,0.08682278558046395,0.3492991530145227,0.5727904663484191,0.3611622572046375,0.21680252103336453,0.24429281067083392,0.26331920934500574,0.08653975376919221,0.19402329698515097,0.13986583096615152,0.5634975543060348,0.17470217036533675,0.2881414832483587,0.28618296314882924,0.15676386764485506,0.02634467466845734,0.5537505182352639,0.4026077450484743,0.23439438452086997,0.3323490364159291,0.2706368118371892,0.5816502474966135,0.40850812579786844,0.358064025984664,0.2644259583278406,0.3322575941254253,0.5764580470000554,0.15690980300029764
efficient,0.16759105884443906,0.2930023339481441,0.12362109952204113,0.11238371690700592,0.14795361343805963,0.28343332252723885,0.3644058512014035,0.24690312888156266,0.11352289389287391,0.2547105642197507,0.3865433993254808,0.17160405345830915,0.24442168200080233,0.026969025341818418,0.2711891102480759,0.3686243039031832,0.07710174676369377,0.12182168221309134,0.02700125499193741,-0.11075015152977132,-0.03296769949185794,0.20462215929877425,0.35381847057976507,0.049865920329271056,0.015780089046002893,0.01481145641949969,0.0368381535029598,0.0638982501564541,0.0605757478624755,-0.05641057550479463,0.2523221163756252,0.25696829090957146,-0.07568755857630757,0.19804424154433892,0.25645807113813845,-0.035587186261619545,0.31845664716459265,0.2295407234638442,0.43460811659665305,0.24030928580292826,0.0004982431989225259,0.196931395376035,0.15346106022835626,0.25825842278698874,0.12732491475302327,0.24006037680879228,0.20894668510836012,0.17211045601755492
scrape,0.11506070693602354,-0.007153218432232176,-0.0768639324425351,-0.15991856128700435,-0.020504365505399923,0.010250892865409474,-0.06439131302024767,-0.007101164791920197,-0.0647050070169495,-0.03767778988452778,0.07273017612326327,-0.0637748838754945,-0.1333316804899184,0.01244938010887854,-0.09686823399663115,0.03822489282147019,0.18550570367534272,0.251943512082219,0.21216305713314218,0.12564545726969342,0.010051631989080621,0.2871044133047889,0.25501606071805955,0.09998168552572971,0.1806203823074493,0.21018158459769265,0.0001912242058485654,0.2501857979947614,0.16327401325260385,0.0630040027816312,-0.010707443767664908,0.06344410655150987,-0.07066740607198965,0.20817094019237675,0.013558181420281633,0.018566255125547246,0.18836770983480472,-0.057249808096374116,-0.021555985132373588,0.017842563573974537,0.007384251395836531,-0.023262198686419558,0.037071341272367726,-0.03952887788681398,-0.010247154653178886,0.007234329999503266,0.11952572549511363,0.07956250625761546
surface,0.053169181334203196,-0.0515746151849705,-0.11857198299838623,-0.03787498507470404,-0.04200232679479309,-0.11554613304623672,0.10065824032642241,0.014753397976068058,-0.014154247285120656,0.023803603332322773,-0.034239680652170854,-0.09532340820569712,0.08954543418052252,-0.0295478905987424,-0.08067119091321863,0.13033012739786576,0.16861404463295038,0.0440804579672404,0.0861037569782021,0.06612559068687494,-0.036041353046945765,0.26853738874658184,0.2968201087177463,0.05662880655592795,-0.03506266282518511,0.04984025285915672,0.21070895913812393,0.18647822847812276,0.0028025757708529065,-0.024034888269251764,0.09305152188652048,-0.03672275374194899,0.041617092913531765,0.31951681714603253,0.06392779540596599,-0.1421729166458536,0.2744090357947748,0.1320359703833701,0.13631283325139654,0.2095701611541545,-0.08883514908812773,0.04687081807574328,-0.045845520051919275,0.0633916105668678,-0.01429110515986656,0.01460123836691795,0.07881971571520022,-0.04625250880073562
slick,0.15167221993944308,0.10406310365948537,-0.015509283758839833,-0.10185336018311415,0.3333177652494396,0.33304547329313167,0.1324550538931607,0.3904114995897154,0.19574080266825666,0.21979687346628848,0.2306950883673347,0.2016333624402451,0.007717634579433659,0.26545308648201266,0.2079977441306403,0.36711916236985526,0.14502657145113731,0.3947319933090936,0.06379954822892737,0.08844630063204638,0.002152578331995381,0.2925711825310139,0.4078657956519237,0.25517828791642927,0.09177437551103705,0.3340253295281595,-0.0302210046159504,0.07869182612836183,0.0018510742782652816,0.034448864873994255,0.22389983900356153,0.2669613344333622,0.12107561405647813,0.15177121868204838,0.024708972958280315,0.058201049232409395,0.22919189604708495,0.09530004713958053,0.022064185638433705,0.14637564158881355,0.04674201908616382,0.3483867875602229,0.20584365715765038,0.2919458297232885,0.11991781781008577,0.2519761508104357,0.22722393828740814,0.2043083119357274
robust,0.16607682217795555,0.4333953544249005,0.07671917834406337,0.1658485116508368,0.1327873285866677,0.18682997775731724,0.39035620353083084,0.24266258212878627,0.18703173533293996,0.32428315333473634,0.23642607845152175,0.23639149774818166,0.337130129123875,0.011722827986061548,0.2394496659006807,0.3955501171077959,0.235873880136852,0.10207718180339331,0.13879769627102498,-0.03362725266063307,0.04917928089800332,0.2701284565906677,0.39158601758420725,0.10849159191867669,0.02078580544702326,0.07746028543062985,0.11772814618093339,0.11415222647298517,0.16704732184328297,0.036741352102001815,0.2813638778892267,0.1365586387051233,-0.004990991494597994,0.19081574965975728,0.23841070213632176,-0.019890380823771498,0.31313452304024575,0.33409237681399007,0.36813558044144945,0.3003195055696178,-0.03216441671801347,0.23814239280307817,0.14716331979047426,0.2869842874117361,0.15483599246782903,0.24725701439956227,0.2713112203655876,0.10440263441484769
contour,0.139789699905329,0.07345047689296949,-0.016125877727045563,0.028906534754938554,0.05457155567890215,0.03147035742705314,0.22425640335185143,0.26351513136645993,0.08704349413931428,0.12930052010026255,0.014303458336505287,0.05864077205430251,0.19002405040504405,0.012694609520841877,-0.04044830053532316,0.32309943374412614,0.09601364150904895,0.03406913061571006,0.06186863152146812,0.12554579092387047,-0.0035871062655585084,0.18124452095001828,0.4345158862316816,0.07791838801042905,0.040902019041988216,0.07771076710452043,0.2607643153874143,0.062290194251062116,0.05459300863209067,0.08433944157177951,0.1597158316288761,-0.10287484810137153,0.05373114917004345,0.19948385973745275,0.08304348936584713,-0.02212730468060146,0.32369926015393075,0.16348535776202786,0.08677360448601841,0.28756875509849356,-0.007487149580831068,0.3039742459276569,0.0636241755578443,0.22297268906973045,0.07521372108648454,0.05164412347995663,0.22430909153510617,0.025668642837885954
sophisticate,0.27921883166297723,0.26346226163569975,0.14644626679175485,0.08196555155745867,0.35694788039587266,0.5334366599252472,0.5462454223853006,0.6597558830802669,0.47283356540405275,0.5452885065248494,0.3103005709268568,0.26677394259453374,0.29286431735801766,0.231085040830911,0.3216701380919302,0.7758619722232739,0.15794146861011416,0.17430580620114192,0.03516902781981517,-0.031117021030217344,0.08500952901504573,0.2770129923956866,0.4642000774943257,0.15973683231994928,0.044510517518839186,0.15204540487627194,0.07567001982780182,0.01969084939176827,0.07925019921806757,0.06827649120271831,0.38407880326183286,0.4535714277078662,0.2828192588600001,0.15057385816622743,0.1396872941335112,0.00036146976034466007,0.37640968727332996,0.44345468839900354,0.27039360366655485,0.3180070573894442,0.12404397597918011,0.5964786526193476,0.3431448637170111,0.5555665975401601,0.302377115961088,0.28254009746312286,0.41841791038209003,0.2300738566150216
surprisingly,0.25241429878355925,0.42093568556338656,0.15315262815302347,0.05193912490564852,0.4037243581630182,0.28202789551750956,0.2266505762955571,0.3103893305248168,0.23759012880755,0.2825983646866634,0.4384116256048761,0.231787850027672,0.15916542603522943,0.2972613001082033,0.29890623160489305,0.336548085550299,0.23534684993272711,0.465590699720187,0.241517105601181,0.0920935935225007,-0.004837434272604611,0.2753565030350567,0.4082512821219959,0.2739721876229384,0.16098658665548038,0.22730102235596197,0.08752636536163529,0.112964922637257,0.15888873971043807,0.04798540737110295,0.4435045017836583,0.3533367488037063,0.23497576339086534,0.1706064996909594,0.18415154053463162,0.0691213398821716,0.36927519840030076,0.2579967642365447,0.16475584486460687,0.16888751257924314,0.21486956088352793,0.3324351003615533,0.35682799763636536,0.3213496441044116,0.2703838342449114,0.4362385714855464,0.37747786475964573,0.18056210128737782
simplicity,0.3534784687460505,0.30974937751129916,0.23020788516382595,0.1481204743252889,0.33996424563961714,0.31912400022175574,0.38879693615468164,0.5346626560195468,0.464096425850665,0.5334860266808402,0.2756823224455695,0.38896844981497714,0.17290277323997,0.24515533836073525,0.2957294368091093,0.6273916975036693,0.10392862794637558,0.2634108390332676,0.06922248434319611,0.0009005723332487815,0.03312729222721378,0.23376574235149172,0.42860616092685105,0.10462697686370723,0.052762582597029324,0.12919849832376112,0.26763812306511364,0.0008155321447306082,0.012157895097085734,0.08034661498158154,0.5235970779694119,0.24274219177342876,0.34365200167236093,0.12060780739900874,0.12105471762901623,0.08244096483903039,0.3684751692381585,0.36115608708972546,0.22641116273351988,0.2558906036913243,0.3777282884930349,0.6125803284033686,0.37043047315284755,0.377424838146457,0.42682628426122304,0.2684801943484202,0.4620641623797311,0.14075018559700214
flawless,0.2618651525615638,0.25414450304825703,0.16776091655761094,0.01100751086402518,0.30724731266877914,0.20990294065084028,0.10844144937149028,0.4388082165105567,0.35029637533311414,0.36380663461609686,0.24804929187507055,0.3265828593531968,0.050446386561705886,0.2172649515651844,0.26775206880690194,0.4692773433952118,0.12072772593324807,0.3328820877946298,0.11549577901872643,0.08038311323311548,0.07529527193624162,0.1516992497160595,0.46364713997151574,0.1762962423637342,0.08188637041143088,0.10399510572640062,0.17198909020020142,-0.02929797208676142,0.057885704204458543,0.06148295894495217,0.3147829196624451,0.1447821626490548,0.0964578737127126,0.10657561154213122,0.0926197988826678,0.24254763908669072,0.24684131796675887,0.13204146163946992,0.0750108270535281,0.1791193485341736,0.22488630763160003,0.5559250115634764,0.38165067678019615,0.32173494505179157,0.16617259893003722,0.22898158535623456,0.3347940148899594,0.01861736413862101
smooth,0.3649303930951609,0.2868283505634015,0.11866535295919547,-0.021640340242410426,0.17781499515851437,0.09236679943998914,0.1886996197805932,0.2972295081830818,0.0764792788763926,0.2168850883507428,0.2908319091697317,0.14377840181288376,0.07674427363961198,0.1222220198776437,0.14438024801895372,0.3792204703319583,0.22867384792517756,0.27274355173124837,0.25849461210758873,0.14485679197067708,0.11481238398195005,0.3294287216181529,0.755459506709291,0.20556883205696666,0.25246410214122306,0.17522609382858276,0.04812614380283803,0.2078449567995752,0.13778529499085226,0.12015633146970199,0.2733829204363788,0.015814391031906367,-0.07381323040396796,0.33753141767053346,0.1958685239397415,-0.015367846314812892,0.4504717500776948,0.1880396346398312,0.12792642908207347,0.2087041662589488,0.09000373904360764,0.29330534114872747,0.2894487730908579,0.18072161430966535,0.13872721340610358,0.19742547838296962,0.41960675414343096,0.05685027559205834
creamy,0.17403563129461727,0.07417528454649301,0.05803859170046446,-0.07285592042424215,0.1575048883185762,-0.005913306391781394,0.07766811155903633,0.31693976704291404,0.0998834978978573,0.21552540087221037,0.12792174440148388,0.06199172175388485,0.041373785100486934,0.1015132352584927,0.052493128962657135,0.3203918019712488,0.2804564411044024,0.27573923550109064,0.3566878595910785,0.41093956608983584,0.24370528961055138,0.18496397194536787,0.6003742913133725,0.33753740593633297,0.3926938307695305,0.25463638453261256,0.04222689268489735,0.2570655568349464,0.19965897528897938,0.3171074755455068,0.19975743881052294,0.16096213115610747,-0.03142829934787403,0.22661428763107017,0.3252892770915279,-0.007181350279155558,0.3656392656113706,0.14776664487354402,0.05624477081355524,0.1825810721882052,0.13556627298751645,0.3208315773259731,0.4065749802983143,0.1645269960467994,0.23579948484723745,0.08900220150350109,0.5368656666122237,0.010536019974379307
gentle,0.5719983124621706,0.29483403432598465,0.448347520794778,0.0841600850575367,0.4884371072123199,0.22633378696408327,0.22873453895062978,0.26398425058618513,0.31138779661701355,0.2696988935971831,0.5331266666612807,0.4344374823711921,0.03807550155956331,0.36927893334374273,0.42364862528784825,0.3480482933315588,0.34143803761981656,0.33743952579163716,0.35490320869855,0.1486872824304862,0.12374706359602362,0.33213520261871016,0.6771595083199115,0.33240712039773657,0.30542227407144396,0.12645004860679626,0.06416523149846963,0.13436674012497152,0.19702637024662992,0.1171138043488002,0.48541259725617364,-0.026710446519727336,0.12331411576452694,0.37618459131420334,0.20181914692897826,0.08032225491663662,0.6022032944494217,0.18269076819917565,0.2164802533908589,0.12051742434092573,0.5194034988896578,0.42249163636266235,0.471870115007185,0.1765361168404831,0.2624384255741479,0.3361147334858751,0.4982506450788228,0.1346008560776981
easily,0.2513037457410822,0.25012449291835387,-0.02309693872403878,0.05217510267518208,0.13659541028488967,0.23695253289914364,0.17758383886646506,0.17566548096839354,0.20867789324557684,0.2502931806687037,0.2383333402559987,0.09620753901454264,0.1072664571132407,0.1177653182474907,0.135406653994555,0.2566060404752271,0.14099316605365061,0.1973949529790491,0.11808527633833878,-0.01695754624604513,-0.027351543768894714,0.2700038647326301,0.4413334269602307,0.07660867255769446,0.13715268193227895,0.05915109870683842,0.1064536053732896,0.14646367621097808,0.11289911452211611,-0.028031782350046813,0.3960785441835608,0.2003015362446637,0.14073539385707615,0.24903301496847324,0.11776337906597223,-0.033201069256971874,0.3940412507932245,0.2230817281602109,0.2266699995754292,0.15050143297937893,0.15814851577597794,0.2051142132123697,0.18176445563325658,0.24097907131357407,0.21456535451456285,0.2992260774001302,0.29849657841299276,0.17522042716223843
bite,0.19043472218398058,0.27890959489623146,0.04807464475966906,-0.10115081707573227,0.32551207606596333,0.17438857715327458,0.05004025881237001,0.14354928091934255,0.10358745539277063,0.14282096564363572,0.2657834355466746,0.2001059338165785,-0.031007844377481723,0.3010100198422657,0.10134078905701588,0.14303865397620155,0.27286681071715396,0.46714892588614815,0.2991645217330502,0.21740974305000035,0.015158690398887443,0.24604466622244764,0.3907471748631902,0.28350285608106196,0.2618783532588681,0.19766302474074593,0.04067750366124044,0.18479416749615957,0.20548574920171522,0.04001003860638362,0.383036019669575,0.23323831847333165,0.13253686804687753,0.2637609494967436,0.14768044606321767,0.03606980431748361,0.32482120311356444,0.13577109374203697,-0.009812585925365857,0.13512297858790998,0.21106732671690878,0.18083952339748718,0.2814169889671782,0.11120136664853308,0.0917432000749676,0.36437996791375765,0.3291450199464436,0.11110980073879552
glide,0.2564409782505858,0.08561016310561509,0.057927956177019714,-0.1351106855113293,0.1879961220324343,0.027400362737197016,0.1318159446641249,0.19735937177516277,0.10987528076107961,0.058316105922782864,0.1127871455718963,0.1489549532763207,0.019598409079610576,0.28084641688003126,0.05219317184806922,0.1507881613040945,0.056650353227014144,0.07868453700513929,-0.0469147833780312,0.013761499336235631,0.010835462600240228,0.07104437086929398,0.3834732696354813,0.0940810033173173,0.05822568534065091,0.08483600040390626,0.12111959755380164,0.024951454390453025,-0.014865102229445813,-0.056000514880970596,0.10747366786585492,-0.07101933250091157,0.07939208702393871,0.3048724489059137,-0.014931619289815174,0.06297751033900258,0.2331153070442905,0.05460193862937774,-0.03789803395145944,0.13401463489405427,0.10163822286253744,0.20867409398169126,0.12102807368606854,0.13666960546093682,0.10134956204291523,0.1240322070423491,0.13285966616326988,0.13259437456790207
squeeze,0.1458231212010782,0.13493714984970653,-0.048763276662157296,-0.09785334971383546,0.08286478884511708,0.1275030514812002,-0.05039323113359752,0.04565165213364511,-0.02861777703285817,-0.011680567404940494,0.11817918004856688,0.04507025950417822,-0.10945810404756084,0.09345618674698518,0.004052093751669038,0.052104765016075374,0.1617174454423557,0.25488719852919667,0.27243818517296525,0.10835405750147936,0.0064532155651742095,0.19347379777702395,0.2934268664755602,0.19169255985593045,0.2699044003195176,0.17310188834093496,-0.052455873371077995,0.15212491512566073,0.2670365153102522,0.08845220041621446,0.10162734448015583,0.18106612412331016,-0.03625745861440652,0.2793300667917932,0.08047185835612124,-0.05159704261065641,0.15871758767839778,0.10109561171946022,-0.02127250862451468,0.1199549261656622,0.05221761762949904,0.012672657408949368,0.09598155687553601,0.06526276370452419,0.06271373270330229,0.1973433450971886,0.20865526809742516,0.10699663293254627
curve,0.060877505332924825,0.07926714231610947,-0.06305609396898502,-0.06278131010003256,0.0918179948253031,0.07874274051185741,0.24682052508040886,0.2513038959661125,0.08542526890642567,0.07332709424229583,0.006343895930072427,0.11618197854766796,0.12489003548107935,0.04437123205802635,-0.026437051898135697,0.2886001672301279,0.2104400222801866,0.03575510926768159,0.08748986399259465,0.12170799924478032,-0.01778580677786929,0.19965531338805076,0.3636735881828368,0.12843455872758483,0.04922524425339779,0.05386180287159154,0.21389607871395386,0.08962566894361071,0.06538960648594376,0.04689377435093973,0.1894977985718507,-0.0015470613949517206,0.08897870395125142,0.16849134167350374,0.06782954995829618,-0.04198057725010478,0.23853034511736665,0.17355671067690218,-0.011673703107422485,0.2716163106529401,0.0021029469211771095,0.26106412834379233,0.01755957989473574,0.2337598190820485,0.09615246993686753,0.09125473046825539,0.22340674595704246,0.11947651056153738
comfortable,0.5545757528103791,0.45513150314293627,0.36107519227741397,0.09408083961758915,0.42460411513691343,0.23293561470447136,0.28694330313181937,0.49642176789895365,0.29718202152861306,0.37117440607390517,0.5683880749130006,0.2561463872974563,0.11241622522799916,0.3521796956235685,0.3423395486682634,0.38418896044148926,0.13318666417373518,0.29513602646545495,0.16431855880022414,0.06400319529504485,0.0021845657273074884,0.2594843504209837,0.5952059371207298,0.20839782580081861,0.09876305820840793,0.21615787266992106,0.020621897636350424,0.03812479031437463,0.10287924645562081,0.011564220283799045,0.5052241584369778,0.21565110695824233,0.10830974910541386,0.2816013130484605,0.21788446932219346,0.07639341315599033,0.5191327646672405,0.2711185481826338,0.27186989611192675,0.23534008909048781,0.3424788662260843,0.4750782816843617,0.46335261835276226,0.42694828256053746,0.33988706838242766,0.4404006433675733,0.3753850165482098,0.17205053148517294
handy,0.10257713274471263,0.08561420991983958,0.01532997153578506,-0.01657789856822607,0.16395336018621742,0.2996231409526156,-0.03854351977721855,0.12353470117714595,0.11356221098845504,0.1240403771170407,0.25703625706003125,0.023306864515495407,-0.024942506346083082,0.1630925205741772,0.10939549297015927,0.025093851164991354,0.13455293591882161,0.06924753422477657,0.06713921456607301,-0.018608052188074594,-0.036141810819693525,0.08344136894594666,0.23320692166397186,0.0759540178878139,0.054889514752689245,0.10414454844380101,-0.027650503027610338,0.013323091048871806,0.04260033609990256,-0.06381684244649313,0.1252839987008623,0.12207053295948653,0.04264129886620699,0.14284476903006166,0.11728023320571994,-0.05913309902522464,0.16187493321171242,0.025229460314459044,0.0593169115257314,0.06985722692728932,0.11597469726087999,0.08844680602641866,0.19228620682960387,0.08064912370718173,0.08392087992502001,0.18353905314837812,0.14596118251765366,0.2183338267845053
smoothly,0.22427199644805149,0.2893497217512805,0.14923846480242123,0.03530211581986973,0.11977205901328844,0.07526581761434116,0.0059718857950547535,0.027198149908938176,-0.0031095940471650083,-0.008662474235130323,0.27093515313795696,0.04625162887906327,0.03236933585331273,0.14156319074102874,0.1398017785979288,0.03924784481564271,-0.005209389956404765,0.10648567201758527,0.004336994249629023,-0.02162689032660311,-0.05396446133902986,0.03658287438455759,0.3351649073214841,0.013111931906245787,-0.009493194788062603,0.02634944275305928,0.05438420359037979,-0.03194360945388369,-0.013127187188196669,-0.12204463125482039,0.12918423336065207,0.009192207905727163,-0.0999774397438791,0.14817059792208218,-0.0642501272171346,-0.03294842839141524,0.09938809624093105,0.028918250215958546,0.013222595639299011,0.024087134299699105,0.08644477327861438,0.060726864563648224,0.12342464080566783,-0.04975638102359586,-0.011889623465758307,0.22815361630466693,0.08467323113914758,0.025679432260742818
accentuate,0.28032171032660186,0.25963553650312055,0.17361752813738776,0.06576832212398537,0.30872145553660596,0.11192724503028843,0.29396976704451006,0.5520205849968542,0.2646010591583035,0.30004299953821756,0.20322912835529142,0.22243905937726632,0.22049602411634442,0.17363550366790728,0.13445941925573135,0.46569822162989577,0.20695671716483877,0.3012405689045896,0.1519647228414341,0.11686059065077059,-0.0008818398087618112,0.2147971086633228,0.43257777548516724,0.3010081524949557,0.10843061983838403,0.25326126928780146,0.2726762153586754,0.04431715461995073,0.13036943223004324,0.02267623846721323,0.38495455214205615,0.2273012574976054,0.21922124240245947,0.22031115960323808,0.16148785253540188,0.0555083228329544,0.3943435069120109,0.32151644417610054,0.16127997308945508,0.29257914869890245,0.13453102184943425,0.5662552215535882,0.28581981594374495,0.4887574079224622,0.23293771909139832,0.23496558849181928,0.3805851580650786,0.11815251936200762
matte,0.056840926644687234,0.04848938692006067,-0.006938968023528109,-0.09488901465438818,0.0006854582601229131,0.004817940272472176,0.13923054275731334,0.3143124551240061,0.04917341932782333,0.09920232423949184,0.07408675788759114,0.03761814327235406,0.012572158357572978,-0.014820399083315389,0.0159110497814677,0.34812406157665277,0.17813089680951003,0.16358483685736466,0.1578661393732759,0.22487413820501054,0.07971764945364684,0.19093660407177393,0.4102030445454439,0.1571464173800227,0.1346557135663071,0.20763318319537824,0.11440683991586892,0.047744236083713774,0.1264254031041039,0.1219573241554696,0.1585491470901229,0.07453852620971023,0.025044876894462904,0.16238720050482472,0.08552270190640276,0.02634790455643046,0.28232120627104573,0.1434806454822483,0.08479121751132074,0.15443793695573682,-0.01838544441089725,0.28103548678297485,0.1364036007485102,0.18081749360138216,0.06950834330525027,0.03696395660551923,0.25434420211741404,-0.007668703415790877
ease,0.3334012625069303,0.28468384472168473,0.1198519108674167,0.054454773305442725,0.07397792290417177,0.09426585121711198,0.13120753305888308,0.1591538890449882,0.02511990398967199,0.16284808763572975,0.19055422510101547,0.10023749465601976,0.0760799914444846,0.04199890826523565,0.04410463054783235,0.1958860701671567,0.1256231711697909,0.1656849061093617,0.1397222794715245,-0.10261484143109244,0.005771628417558014,0.1805124019193734,0.3893385168779686,0.03329754306040949,0.04508624017601251,0.045693016409816864,0.09665353035642972,0.10729223015450165,0.05399622128781061,-0.03843467673043294,0.1880565445727807,0.11440468101363377,-0.03875865898409939,0.16295535145019427,0.11443438445848286,-0.09961039827168051,0.24565980465995088,0.16483741488772566,0.19657077229599657,0.15514880133259643,0.10753904711435835,0.12051606700108923,0.12796212104886515,0.14811187245872,0.25765898266851667,0.19430597709118796,0.20802409100775326,0.172457485319406
continuous,0.21310949307135668,0.14470374290944674,0.04021770947093567,0.1979037302772554,0.04465578833644836,-0.11629561891483484,0.2843479057319408,-0.002686644289931354,0.1026053596248418,0.1370754521160958,0.0773199105217412,0.08938255691280345,0.2749560645817002,0.004767160006397447,0.09854290764737342,0.17784811804125064,0.15204382448764303,0.045253759865310134,0.06520390053914867,-0.040697579940357886,0.02395287463718287,0.17516795537581611,0.26447745753586144,0.004719680947817239,0.0369646555571068,-0.04087620706186813,0.30392282066447684,0.09402416411333374,0.07112532768965231,-0.01241943311576363,0.16316316766249114,-0.07192725220369613,0.03188540531258176,0.3429502441857717,0.07860655814888301,-0.05149986546137751,0.2218391683978258,0.32647306689617,0.21115076977753827,0.18453742091979206,0.034221852642841805,0.06644506737347108,0.02179340474330619,0.12023571380773698,0.013247487104663341,0.16483612149914503,0.10513545930142462,0.07428974830455447
clever,0.0909492130981915,0.2010481209334862,0.13727902705531567,-0.012585396434410066,0.4710350136490475,0.6072303344460179,0.17793918102907003,0.32968997315618226,0.3380668183520968,0.2585778092338192,0.32936618849908433,0.30806902333234976,0.07198716080102029,0.3476205664019021,0.2846575215650423,0.32295963138033934,0.09680934963914221,0.3272743799191279,0.08502531197752389,0.037559724100717985,-0.03397621983630326,0.06317083688724136,0.2297944675079159,0.13883289328855916,0.14305693094863708,0.15168657931453572,-0.09228025086867281,0.015133451667594066,0.05703067201297339,0.008515875188170563,0.2767684971107714,0.26106984715988996,0.13953501451715047,0.026517190804242287,0.07073133838155198,0.06810800887607309,0.19074666273397461,0.1578602793638681,0.04559659630925234,0.14487159125215185,0.2015143853913565,0.4039609454595725,0.2975662860340603,0.19896460247954376,0.06766118754999369,0.3613111349879088,0.28099037922594616,0.31671589812362033
soft,0.2580414438319832,0.19030273784268847,0.059200451887134485,-0.062089304316445285,0.24358508860632572,0.1344666055865352,0.17449905823277206,0.30782140953777665,0.10659694627162732,0.18456675514125442,0.2437865096938119,0.14857500318134984,0.037320616341811746,0.12109759758894237,0.12848221048947783,0.3810604709640218,0.3123029394767544,0.3374807285315861,0.37461664745543083,0.26702965672209183,0.15395981806390488,0.41075898396831234,0.6428594724272337,0.362434929933967,0.3926025600603,0.23173509322240984,-0.00621018711113296,0.2981097353423021,0.22561871807577932,0.24147567089970493,0.3354676293871548,0.11710598220490329,0.013278844994743074,0.3658796401394213,0.247872023437254,-0.06387227923033123,0.6155020846163862,0.19372989485391917,0.19130667391751796,0.2566604624473043,0.13091022617444673,0.3142111281137357,0.2839410638885985,0.26652565698658476,0.1443260421621997,0.2228247698595099,0.4734699613758375,0.11514703530123269
delicate,0.3859755861081759,0.2601837367247757,0.17769243021082862,0.07111375343606002,0.3342685709679613,0.16291092738755977,0.25157271079462046,0.4186785813510403,0.3289182448082276,0.32119611965670447,0.32318705449261015,0.2693154729301785,0.12984251085140538,0.17847610149113874,0.22011379611128387,0.5256986029826468,0.3883016590684056,0.33560699239446423,0.3877837943493669,0.20418078129710163,0.1335129295531288,0.3917463790952723,0.6288756991299861,0.38919054499669525,0.32694098931436183,0.22221491994884682,0.12478527775854285,0.19043104640906203,0.30817295986557586,0.2194997207841355,0.45070946708651655,0.18731253840570686,0.19950759466788434,0.30585817268797866,0.24083500930473792,0.019558395844322393,0.5648433431616041,0.34342626254149344,0.28983312563194735,0.19530473380042965,0.28559082766889987,0.6101950209825392,0.47509572489815294,0.3105948778963112,0.2695968159072863,0.25086694866161996,0.6555855960502078,0.08835050459459097
taper,0.08760596298807168,0.1168816253886851,-0.03798611682944002,-0.17978070905862065,0.04734286516154213,-0.012066310319422234,0.02839962507377082,0.16660390781602882,-0.01503465939657667,0.02910114694364234,0.024562576214643903,0.007841858264226707,-0.016812778072436363,0.025124848652889782,-0.11138473408845788,0.13940255665976528,0.17502818407303652,0.13386155320936738,0.10394433863465138,0.07725645593578179,-0.00032278619067415397,0.15259311282010748,0.31924912782094594,0.1714925293228538,0.1117697807521229,0.09157044800365781,0.07902613064349755,0.13213389588759122,0.09893123269060149,0.013319286495807494,0.047219955638362156,0.05035292675999568,0.06721124537015019,0.1692973286103645,-0.011853388152905407,-0.1296922470383615,0.17327258968866177,0.12803768646493346,-0.08014537760173031,0.17416755619536226,-0.06814717882158697,0.14061592236912143,0.06965953833451163,0.14098963202887507,0.02482915741171877,0.09978179295028687,0.1304462165813362,0.051707987355724204
simple,0.3291144750187148,0.23341752693739323,0.09607989148333239,0.07994345612923386,0.35197607733512504,0.32685182840414745,0.2933683708784179,0.325732451751426,0.33812055512133826,0.4296547263581468,0.371899686837729,0.24922210389621252,0.2353881275708799,0.2618231760300232,0.23830831548833267,0.4348400271106328,0.1280905956678158,0.27750307163583315,0.11212848027937998,0.02496235880241981,-0.042100753941207825,0.2878546896172391,0.4853176695040023,0.08554761710128303,0.15507715252424592,0.0570994192877694,0.12830509828524803,0.05485826192311132,0.07948920032466862,0.026981041845116023,0.47382874009237314,0.27869272845362525,0.1430252943069657,0.24045736605474338,0.2607103535112119,-0.06589797325064628,0.43739423300803504,0.3264896133684035,0.28421354128512305,0.2984309211294732,0.2823844136495879,0.39465159531868743,0.3570547667380703,0.3059300613340024,0.19995311374392424,0.34630086950563393,0.48491821543043967,0.2858780205633892
thick,0.12962290151716171,0.04034942024152679,-0.011893364739305247,-0.11278975252996024,0.06848080129470002,0.053908387679385675,0.07158504021758429,0.1666721707106188,0.03083350576683167,0.07661659551688663,0.12143682652570943,0.06168299325050819,0.0014336553307911525,0.03801141664335608,0.03437225923642681,0.20534301734325922,0.3509838997616221,0.3329430332877455,0.35513019379035293,0.25780637315171284,0.07753970093963451,0.34353317653715487,0.5039504198483089,0.33620477489707407,0.26908288879068576,0.32196920796458867,-0.010909854361089594,0.321414359439523,0.22206247666419873,0.1279868879922419,0.1537981850159932,0.03469326104521634,0.04025690990616166,0.3050125393533009,0.19678882490498728,-0.03269428283934198,0.413229326592824,0.11426809686886572,0.02385574162633352,0.14690410734769957,0.0728698517436649,0.15764254386216747,0.1448371036029083,0.14107265393356128,0.024559400518715767,0.14723700006922133,0.34216294663411695,0.07673911947099434
silky,0.3533459543880033,0.1860439915342562,0.1498131147636589,-0.054054201267623427,0.2410901340200699,0.039784428566645255,0.021788671238892665,0.44819117886126114,0.16612027930396214,0.24765056708303598,0.20160252003326878,0.10821950678523429,-0.04872729668880003,0.1543820320731265,0.11206882250679298,0.4108505009753238,0.2691833131043221,0.3301377294341606,0.2752968034691681,0.30488129821151966,0.2366586833437977,0.26005117492350077,0.683819191616945,0.3282825670322231,0.3429168295585057,0.2520674317602629,0.031993094829376005,0.1872366971126449,0.21813741228604053,0.28654277590138766,0.2834692816243036,0.060953712042800326,0.0016902417220045025,0.2035333232440993,0.27200064548185066,0.09243854119658293,0.4596698142840844,0.0795808580311807,0.11384287995679349,0.22101304857019705,0.20964670248215203,0.46081150194446446,0.44677984469821275,0.27745210058395575,0.28312118805373343,0.13066766213955594,0.552815781617516,-0.00838699358534138
slight,0.16863813162086447,0.24938841152782434,0.07562387450117626,0.02930335484837842,0.08382096803316852,-0.024844871029645044,0.08292036893681629,0.04593899980544355,-0.0004163775346990348,0.04218304865475162,0.1641681973459227,0.10026740123297513,0.01120036089333461,0.025262310616513385,-0.04359054499024901,0.11728120108478192,0.2887294727480811,0.32071759821485984,0.2945497685145627,0.16591349740218803,-0.0775985258155259,0.24395631400574835,0.32276837622717147,0.2117518146451143,0.1228046368082528,0.18999995654344592,0.222103419533103,0.1263806594506639,0.16427831543143048,-0.0015489810009957994,0.2768457275330686,0.12669671698919613,0.11258846160052925,0.24372304837085457,-0.010380172671429346,-0.0022484730304593607,0.292213441865792,0.18105276146346994,0.024957992084117815,0.12536109529731965,0.04427158507059035,0.13481759780455319,0.15475066368828455,0.10070250455801665,0.10595581560416009,0.2409370208379251,0.21440451759673215,0.01580273683522625
witty,0.22246914523057468,0.240918592563219,0.4047958587245511,0.107610430940508,0.693192106930695,0.4299533281553421,0.21628826696055975,0.3700352022263153,0.451195045979661,0.31175290465983496,0.4913556492977371,0.4638536810507114,0.11227727961721312,0.4967488647978962,0.526621561530072,0.3300497645938738,0.20441389565261345,0.3560863396168174,0.2151560261145677,0.024383590219299076,0.008901026357965223,0.08136006013890082,0.256463052517421,0.27589337870440495,0.08188450920256632,0.0548928406568113,-0.08137802154307464,-0.06284003545932364,0.03260833543926471,0.0022603885287552374,0.3712881024761813,0.15363391389487188,0.2257198002960215,0.06841400584780351,0.03817107187622456,0.17570550242381613,0.2000057358650285,0.21178779723006502,-0.009735051358515465,0.09424363738928039,0.35165783512956283,0.4535284474969579,0.4062015204960111,0.2681791429102044,0.11575501626020049,0.46210808788176366,0.3034690912906877,0.1340765181918296
soften,0.23966481754027588,0.22290156919436413,0.09968324292196498,0.020234963161967174,0.07971040801659116,0.004283611390064405,0.12815649621616845,0.12391025362783367,-0.012725890981337383,0.055515807943368904,0.18630995268663833,0.14094902237943027,0.08756935124044722,-0.054355377847100976,0.024672925119746704,0.21470323234208366,0.3834789663156091,0.3247408644610765,0.4596351914711246,0.19667462618732517,0.003921214828858433,0.3338975374346556,0.42195013263879877,0.28304925657757124,0.27388194844594893,0.1594445738725195,0.09080542214619228,0.2771418361234813,0.21859024503928087,0.15613940680612365,0.23374418938990923,0.08638049413656977,-0.05010633603734818,0.28958417213072846,0.164134514771102,-0.13864206762225695,0.3987801928704797,0.22145831413698613,0.18087687438103947,0.23056151215935825,0.04606866470709069,0.1356873568439509,0.13879657686547212,0.14196599160232948,0.05166261862201207,0.1696886905566547,0.2657937643375453,0.05562825441429359
